title,baseCurrency,targetCurrency,exchangeRate,inverseRate

1 BWP = 0.105429 EUR,BWP,EUR,0.105429,9.485022

1 BWP = 0.094973 GBP,BWP,GBP,0.094973,10.529290

1 BWP = 0.156900 USD,BWP,USD,0.156900,6.373486

1 BWP = 11.185872 DZD,BWP,DZD,11.185872,0.089398

1 BWP = 0.144833 AUD,BWP,AUD,0.144833,6.904482

1 BWP = 1.000000 BWP,BWP,BWP,1.000000,1.000000

1 BWP = 0.193018 BND,BWP,BND,0.193018,5.180854

1 BWP = 0.150022 CAD,BWP,CAD,0.150022,6.665681

1 BWP = 72.655683 CLP,BWP,CLP,72.655683,0.013764

1 BWP = 1.019645 CNY,BWP,CNY,1.019645,0.980733

1 BWP = 277.250145 COP,BWP,COP,277.250145,0.003607

1 BWP = 2.552099 CZK,BWP,CZK,2.552099,0.391834

1 BWP = 0.786164 DKK,BWP,DKK,0.786164,1.271999

1 BWP = 27.980105 HUF,BWP,HUF,27.980105,0.035740

1 BWP = 17.477091 ISK,BWP,ISK,17.477091,0.057218

1 BWP = 6.989886 INR,BWP,INR,6.989886,0.143064

"1 BWP = 1,342.540072 IDR",BWP,IDR,"1,342.540072",0.000745

1 BWP = 0.532329 ILS,BWP,ILS,0.532329,1.878539

1 BWP = 22.874451 KZT,BWP,KZT,22.874451,0.043717

1 BWP = 168.048218 KRW,BWP,KRW,168.048218,0.005951

1 BWP = 0.043053 KWD,BWP,KWD,0.043053,23.226991

1 BWP = 0.303194 LYD,BWP,LYD,0.303194,3.298223

1 BWP = 0.467406 MYR,BWP,MYR,0.467406,2.139467

1 BWP = 4.272152 MUR,BWP,MUR,4.272152,0.234074

1 BWP = 11.161866 NPR,BWP,NPR,11.161866,0.089591

1 BWP = 0.196929 NZD,BWP,NZD,0.196929,5.077977

1 BWP = 0.829830 NOK,BWP,NOK,0.829830,1.205065

1 BWP = 0.060328 OMR,BWP,OMR,0.060328,16.576037

1 BWP = 13.228004 PKR,BWP,PKR,13.228004,0.075597

1 BWP = 0.415524 PLN,BWP,PLN,0.415524,2.406600

1 BWP = 0.571116 QAR,BWP,QAR,0.571116,1.750958

1 BWP = 4.286991 RUB,BWP,RUB,4.286991,0.233264

1 BWP = 0.588375 SAR,BWP,SAR,0.588375,1.699596

1 BWP = 0.192868 SGD,BWP,SGD,0.192868,5.184898

1 BWP = 1.039292 ZAR,BWP,ZAR,1.039292,0.962194

1 BWP = 17.224717 LKR,BWP,LKR,17.224717,0.058056

1 BWP = 0.948180 SEK,BWP,SEK,0.948180,1.054652

1 BWP = 0.135282 CHF,BWP,CHF,0.135282,7.391988

1 BWP = 4.710753 THB,BWP,THB,4.710753,0.212280

1 BWP = 1.003391 TTD,BWP,TTD,1.003391,0.996620

1 BWP = 0.576215 AED,BWP,AED,0.576215,1.735463

1 BWP = 0.672991 VEF,BWP,VEF,0.672991,1.485904

1 BWP = 12.716892 JPY,BWP,JPY,12.716892,0.078636

1 BWP = 0.206199 BGN,BWP,BGN,0.206199,4.849689

1 BWP = 0.364027 LTL,BWP,LTL,0.364027,2.747052

1 BWP = 0.074802 LVL,BWP,LVL,0.074802,13.368601

1 BWP = 0.433315 RON,BWP,RON,0.433315,2.307791

1 BWP = 0.778227 HRK,BWP,HRK,0.778227,1.284972

1 BWP = 0.241191 TRY,BWP,TRY,0.241191,4.146095

1 BWP = 0.248592 BRL,BWP,BRL,0.248592,4.022657

1 BWP = 1.219006 HKD,BWP,HKD,1.219006,0.820340

1 BWP = 1.815220 MXN,BWP,MXN,1.815220,0.550897

1 BWP = 6.733142 PHP,BWP,PHP,6.733142,0.148519



1 ISK = 0.006032 EUR,ISK,EUR,0.006032,165.770599
1 ISK = 0.005434 GBP,ISK,GBP,0.005434,184.021355
1 ISK = 0.008977 USD,ISK,USD,0.008977,111.390000
1 ISK = 0.640031 DZD,ISK,DZD,0.640031,1.562425
1 ISK = 0.008287 AUD,ISK,AUD,0.008287,120.670265
1 ISK = 0.057218 BWP,ISK,BWP,0.057218,17.477091
1 ISK = 0.011044 BND,ISK,BND,0.011044,90.546253
1 ISK = 0.008584 CAD,ISK,CAD,0.008584,116.496713
1 ISK = 4.157195 CLP,ISK,CLP,4.157195,0.240547
1 ISK = 0.058342 CNY,ISK,CNY,0.058342,17.140367
1 ISK = 15.863632 COP,ISK,COP,15.863632,0.063037
1 ISK = 0.146025 CZK,ISK,CZK,0.146025,6.848124
1 ISK = 0.044983 DKK,ISK,DKK,0.044983,22.230846
1 ISK = 1.600959 HUF,ISK,HUF,1.600959,0.624626
1 ISK = 1.000000 ISK,ISK,ISK,1.000000,1.000000
1 ISK = 0.399946 INR,ISK,INR,0.399946,2.500340
1 ISK = 76.817136 IDR,ISK,IDR,76.817136,0.013018
1 ISK = 0.030459 ILS,ISK,ILS,0.030459,32.831390
1 ISK = 1.308825 KZT,ISK,KZT,1.308825,0.764044
1 ISK = 9.615343 KRW,ISK,KRW,9.615343,0.104000
1 ISK = 0.002463 KWD,ISK,KWD,0.002463,405.940233
1 ISK = 0.017348 LYD,ISK,LYD,0.017348,57.643345
1 ISK = 0.026744 MYR,ISK,MYR,0.026744,37.391662
1 ISK = 0.244443 MUR,ISK,MUR,0.244443,4.090934
1 ISK = 0.638657 NPR,ISK,NPR,0.638657,1.565786
1 ISK = 0.011268 NZD,ISK,NZD,0.011268,88.748265
1 ISK = 0.047481 NOK,ISK,NOK,0.047481,21.061038
1 ISK = 0.003452 OMR,ISK,OMR,0.003452,289.700910
1 ISK = 0.756877 PKR,ISK,PKR,0.756877,1.321219
1 ISK = 0.023775 PLN,ISK,PLN,0.023775,42.060368
1 ISK = 0.032678 QAR,ISK,QAR,0.032678,30.601648
1 ISK = 0.245292 RUB,ISK,RUB,0.245292,4.076773
1 ISK = 0.033665 SAR,ISK,SAR,0.033665,29.704000
1 ISK = 0.011035 SGD,ISK,SGD,0.011035,90.616927
1 ISK = 0.059466 ZAR,ISK,ZAR,0.059466,16.816347
1 ISK = 0.985560 LKR,ISK,LKR,0.985560,1.014652
1 ISK = 0.054253 SEK,ISK,SEK,0.054253,18.432257
1 ISK = 0.007741 CHF,ISK,CHF,0.007741,129.190439
1 ISK = 0.269539 THB,ISK,THB,0.269539,3.710042
1 ISK = 0.057412 TTD,ISK,TTD,0.057412,17.418023
1 ISK = 0.032970 AED,ISK,AED,0.032970,30.330837
1 ISK = 0.038507 VEF,ISK,VEF,0.038507,25.969272
1 ISK = 0.727632 JPY,ISK,JPY,0.727632,1.374321
1 ISK = 0.011798 BGN,ISK,BGN,0.011798,84.758461
1 ISK = 0.020829 LTL,ISK,LTL,0.020829,48.010484
1 ISK = 0.004280 LVL,ISK,LVL,0.004280,233.644254
1 ISK = 0.024793 RON,ISK,RON,0.024793,40.333479
1 ISK = 0.044528 HRK,ISK,HRK,0.044528,22.457576
1 ISK = 0.013800 TRY,ISK,TRY,0.013800,72.461686
1 ISK = 0.014224 BRL,ISK,BRL,0.014224,70.304338
1 ISK = 0.069749 HKD,ISK,HKD,0.069749,14.337165
1 ISK = 0.103863 MXN,ISK,MXN,0.103863,9.628085
1 ISK = 0.385255 PHP,ISK,PHP,0.385255,2.595681
1 DZD = 0.009425 EUR,DZD,EUR,0.009425,106.098243
1 DZD = 0.008490 GBP,DZD,GBP,0.008490,117.779284
1 DZD = 0.014027 USD,DZD,USD,0.014027,71.293000
1 DZD = 1.000000 DZD,DZD,DZD,1.000000,1.000000
1 DZD = 0.012948 AUD,DZD,AUD,0.012948,77.232653
1 DZD = 0.089398 BWP,DZD,BWP,0.089398,11.185872
1 DZD = 0.017256 BND,DZD,BND,0.017256,57.952365
1 DZD = 0.013412 CAD,DZD,CAD,0.013412,74.561452
1 DZD = 6.495308 CLP,DZD,CLP,6.495308,0.153957
1 DZD = 0.091155 CNY,DZD,CNY,0.091155,10.970358
1 DZD = 24.785743 COP,DZD,COP,24.785743,0.040346
1 DZD = 0.228154 CZK,DZD,CZK,0.228154,4.383009
1 DZD = 0.070282 DKK,DZD,DKK,0.070282,14.228420
1 DZD = 2.501379 HUF,DZD,HUF,2.501379,0.399779
1 DZD = 1.562425 ISK,DZD,ISK,1.562425,0.640031
1 DZD = 0.624885 INR,DZD,INR,0.624885,1.600294
1 DZD = 120.021051 IDR,DZD,IDR,120.021051,0.008332
1 DZD = 0.047589 ILS,DZD,ILS,0.047589,21.013092
1 DZD = 2.044941 KZT,DZD,KZT,2.044941,0.489012
1 DZD = 15.023256 KRW,DZD,KRW,15.023256,0.066563
1 DZD = 0.003849 KWD,DZD,KWD,0.003849,259.814140
1 DZD = 0.027105 LYD,DZD,LYD,0.027105,36.893500
1 DZD = 0.041785 MYR,DZD,MYR,0.041785,23.931805
1 DZD = 0.381924 MUR,DZD,MUR,0.381924,2.618323
1 DZD = 0.997854 NPR,DZD,NPR,0.997854,1.002151
1 DZD = 0.017605 NZD,DZD,NZD,0.017605,56.801598
1 DZD = 0.074186 NOK,DZD,NOK,0.074186,13.479707
1 DZD = 0.005393 OMR,DZD,OMR,0.005393,185.417425
1 DZD = 1.182564 PKR,DZD,PKR,1.182564,0.845621
1 DZD = 0.037147 PLN,DZD,PLN,0.037147,26.919919
1 DZD = 0.051057 QAR,DZD,QAR,0.051057,19.585989
1 DZD = 0.383251 RUB,DZD,RUB,0.383251,2.609259
1 DZD = 0.052600 SAR,DZD,SAR,0.052600,19.011467
1 DZD = 0.017242 SGD,DZD,SGD,0.017242,57.997599
1 DZD = 0.092911 ZAR,DZD,ZAR,0.092911,10.762976
1 DZD = 1.539864 LKR,DZD,LKR,1.539864,0.649408
1 DZD = 0.084766 SEK,DZD,SEK,0.084766,11.797207
1 DZD = 0.012094 CHF,DZD,CHF,0.012094,82.685824
1 DZD = 0.421134 THB,DZD,THB,0.421134,2.374540
1 DZD = 0.089702 TTD,DZD,TTD,0.089702,11.148066
1 DZD = 0.051513 AED,DZD,AED,0.051513,19.412662
1 DZD = 0.060164 VEF,DZD,VEF,0.060164,16.621127
1 DZD = 1.136871 JPY,DZD,JPY,1.136871,0.879607
1 DZD = 0.018434 BGN,DZD,BGN,0.018434,54.248002
1 DZD = 0.032543 LTL,DZD,LTL,0.032543,30.728175
1 DZD = 0.006687 LVL,DZD,LVL,0.006687,149.539454
1 DZD = 0.038738 RON,DZD,RON,0.038738,25.814658
1 DZD = 0.069572 HRK,DZD,HRK,0.069572,14.373534
1 DZD = 0.021562 TRY,DZD,TRY,0.021562,46.377691
1 DZD = 0.022224 BRL,DZD,BRL,0.022224,44.996922
1 DZD = 0.108977 HKD,DZD,HKD,0.108977,9.176223
1 DZD = 0.162278 MXN,DZD,MXN,0.162278,6.162269
1 DZD = 0.601933 PHP,DZD,PHP,0.601933,1.661315
1 CNY = 0.103398 EUR,CNY,EUR,0.103398,9.671356
1 CNY = 0.093143 GBP,CNY,GBP,0.093143,10.736139
1 CNY = 0.153877 USD,CNY,USD,0.153877,6.498694
1 CNY = 10.970358 DZD,CNY,DZD,10.970358,0.091155
1 CNY = 0.142043 AUD,CNY,AUD,0.142043,7.040121
1 CNY = 0.980733 BWP,CNY,BWP,0.980733,1.019645
1 CNY = 0.189300 BND,CNY,BND,0.189300,5.282632
1 CNY = 0.147132 CAD,CNY,CAD,0.147132,6.796629
1 CNY = 71.255855 CLP,CNY,CLP,71.255855,0.014034
1 CNY = 1.000000 CNY,CNY,CNY,1.000000,1.000000
1 CNY = 271.908478 COP,CNY,COP,271.908478,0.003678
1 CNY = 2.502929 CZK,CNY,CZK,2.502929,0.399532
1 CNY = 0.771017 DKK,CNY,DKK,0.771017,1.296988
1 CNY = 27.441023 HUF,CNY,HUF,27.441023,0.036442
1 CNY = 17.140367 ISK,CNY,ISK,17.140367,0.058342
1 CNY = 6.855215 INR,CNY,INR,6.855215,0.145874
"1 CNY = 1,316.673893 IDR",CNY,IDR,"1,316.673893",0.000759
1 CNY = 0.522073 ILS,CNY,ILS,0.522073,1.915443
1 CNY = 22.433738 KZT,CNY,KZT,22.433738,0.044576
1 CNY = 164.810500 KRW,CNY,KRW,164.810500,0.006068
1 CNY = 0.042224 KWD,CNY,KWD,0.042224,23.683287
1 CNY = 0.297352 LYD,CNY,LYD,0.297352,3.363017
1 CNY = 0.458401 MYR,CNY,MYR,0.458401,2.181497
1 CNY = 4.189842 MUR,CNY,MUR,4.189842,0.238672
1 CNY = 10.946815 NPR,CNY,NPR,10.946815,0.091351
1 CNY = 0.193135 NZD,CNY,NZD,0.193135,5.177734
1 CNY = 0.813842 NOK,CNY,NOK,0.813842,1.228739
1 CNY = 0.059166 OMR,CNY,OMR,0.059166,16.901675
1 CNY = 12.973145 PKR,CNY,PKR,12.973145,0.077082
1 CNY = 0.407518 PLN,CNY,PLN,0.407518,2.453878
1 CNY = 0.560113 QAR,CNY,QAR,0.560113,1.785355
1 CNY = 4.204396 RUB,CNY,RUB,4.204396,0.237846
1 CNY = 0.577039 SAR,CNY,SAR,0.577039,1.732985
1 CNY = 0.189152 SGD,CNY,SGD,0.189152,5.286755
1 CNY = 1.019268 ZAR,CNY,ZAR,1.019268,0.981096
1 CNY = 16.892856 LKR,CNY,LKR,16.892856,0.059197
1 CNY = 0.929911 SEK,CNY,SEK,0.929911,1.075371
1 CNY = 0.132675 CHF,CNY,CHF,0.132675,7.537204
1 CNY = 4.619993 THB,CNY,THB,4.619993,0.216451
1 CNY = 0.984059 TTD,CNY,TTD,0.984059,1.016199
1 CNY = 0.565114 AED,CNY,AED,0.565114,1.769556
1 CNY = 0.660025 VEF,CNY,VEF,0.660025,1.515094
1 CNY = 12.471880 JPY,CNY,JPY,12.471880,0.080180
1 CNY = 0.202226 BGN,CNY,BGN,0.202226,4.944962
1 CNY = 0.357013 LTL,CNY,LTL,0.357013,2.801018
1 CNY = 0.073361 LVL,CNY,LVL,0.073361,13.631228
1 CNY = 0.424966 RON,CNY,RON,0.424966,2.353128
1 CNY = 0.763233 HRK,CNY,HRK,0.763233,1.310216
1 CNY = 0.236544 TRY,CNY,TRY,0.236544,4.227546
1 CNY = 0.243802 BRL,CNY,BRL,0.243802,4.101682
1 CNY = 1.195520 HKD,CNY,HKD,1.195520,0.836456
1 CNY = 1.780247 MXN,CNY,MXN,1.780247,0.561720
1 CNY = 6.603417 PHP,CNY,PHP,6.603417,0.151437
1 AUD = 0.727935 EUR,AUD,EUR,0.727935,1.373749
1 AUD = 0.655741 GBP,AUD,GBP,0.655741,1.524993
1 AUD = 1.083313 USD,AUD,USD,1.083313,0.923094
1 AUD = 77.232653 DZD,AUD,DZD,77.232653,0.012948
1 AUD = 1.000000 AUD,AUD,AUD,1.000000,1.000000
1 AUD = 6.904482 BWP,AUD,BWP,6.904482,0.144833
1 AUD = 1.332692 BND,AUD,BND,1.332692,0.750361
1 AUD = 1.035825 CAD,AUD,CAD,1.035825,0.965414
1 AUD = 501.649875 CLP,AUD,CLP,501.649875,0.001993
1 AUD = 7.040121 CNY,AUD,CNY,7.040121,0.142043
"1 AUD = 1,914.268709 COP",AUD,COP,"1,914.268709",0.000522
1 AUD = 17.620922 CZK,AUD,CZK,17.620922,0.056751
1 AUD = 5.428056 DKK,AUD,DKK,5.428056,0.184228
1 AUD = 193.188136 HUF,AUD,HUF,193.188136,0.005176
1 AUD = 120.670265 ISK,AUD,ISK,120.670265,0.008287
1 AUD = 48.261544 INR,AUD,INR,48.261544,0.020720
"1 AUD = 9,269.544116 IDR",AUD,IDR,"9,269.544116",0.000108
1 AUD = 3.675454 ILS,AUD,ILS,3.675454,0.272075
1 AUD = 157.936241 KZT,AUD,KZT,157.936241,0.006332
"1 AUD = 1,160.285938 KRW",AUD,KRW,"1,160.285938",0.000862
1 AUD = 0.297261 KWD,AUD,KWD,0.297261,3.364045
1 AUD = 2.093395 LYD,AUD,LYD,2.093395,0.477693
1 AUD = 3.227197 MYR,AUD,MYR,3.227197,0.309866
1 AUD = 29.496995 MUR,AUD,MUR,29.496995,0.033902
1 AUD = 77.066906 NPR,AUD,NPR,77.066906,0.012976
1 AUD = 1.359692 NZD,AUD,NZD,1.359692,0.735461
1 AUD = 5.729550 NOK,AUD,NOK,5.729550,0.174534
1 AUD = 0.416534 OMR,AUD,OMR,0.416534,2.400765
1 AUD = 91.332517 PKR,AUD,PKR,91.332517,0.010949
1 AUD = 2.868978 PLN,AUD,PLN,2.868978,0.348556
1 AUD = 3.943260 QAR,AUD,QAR,3.943260,0.253597
1 AUD = 29.599456 RUB,AUD,RUB,29.599456,0.033784
1 AUD = 4.062425 SAR,AUD,SAR,4.062425,0.246158
1 AUD = 1.331653 SGD,AUD,SGD,1.331653,0.750947
1 AUD = 7.175771 ZAR,AUD,ZAR,7.175771,0.139358
1 AUD = 118.927755 LKR,AUD,LKR,118.927755,0.008408
1 AUD = 6.546689 SEK,AUD,SEK,6.546689,0.152749
1 AUD = 0.934049 CHF,AUD,CHF,0.934049,1.070607
1 AUD = 32.525312 THB,AUD,THB,32.525312,0.030745
1 AUD = 6.927897 TTD,AUD,TTD,6.927897,0.144344
1 AUD = 3.978468 AED,AUD,AED,3.978468,0.251353
1 AUD = 4.646656 VEF,AUD,VEF,4.646656,0.215209
1 AUD = 87.803552 JPY,AUD,JPY,87.803552,0.011389
1 AUD = 1.423696 BGN,AUD,BGN,1.423696,0.702397
1 AUD = 2.513415 LTL,AUD,LTL,2.513415,0.397865
1 AUD = 0.516470 LVL,AUD,LVL,0.516470,1.936221
1 AUD = 2.991814 RON,AUD,RON,2.991814,0.334245
1 AUD = 5.373254 HRK,AUD,HRK,5.373254,0.186107
1 AUD = 1.665298 TRY,AUD,TRY,1.665298,0.600493
1 AUD = 1.716399 BRL,AUD,BRL,1.716399,0.582615
1 AUD = 8.416606 HKD,AUD,HKD,8.416606,0.118813
1 AUD = 12.533153 MXN,AUD,MXN,12.533153,0.079788
1 AUD = 46.488858 PHP,AUD,PHP,46.488858,0.021511
1 COP = 0.000380 EUR,COP,EUR,0.000380,"2,629.723822"
1 COP = 0.000343 GBP,COP,GBP,0.000343,"2,919.247105"
1 COP = 0.000566 USD,COP,USD,0.000566,"1,767.050000"
1 COP = 0.040346 DZD,COP,DZD,0.040346,24.785743
1 COP = 0.000522 AUD,COP,AUD,0.000522,"1,914.268709"
1 COP = 0.003607 BWP,COP,BWP,0.003607,277.250145
1 COP = 0.000696 BND,COP,BND,0.000696,"1,436.392457"
1 COP = 0.000541 CAD,COP,CAD,0.000541,"1,848.061021"
1 COP = 0.262058 CLP,COP,CLP,0.262058,3.815946
1 COP = 0.003678 CNY,COP,CNY,0.003678,271.908478
1 COP = 1.000000 COP,COP,COP,1.000000,1.000000
1 COP = 0.009205 CZK,COP,CZK,0.009205,108.636127
1 COP = 0.002836 DKK,COP,DKK,0.002836,352.661960
1 COP = 0.100920 HUF,COP,HUF,0.100920,9.908832
1 COP = 0.063037 ISK,COP,ISK,0.063037,15.863632
1 COP = 0.025211 INR,COP,INR,0.025211,39.664473
1 COP = 4.842342 IDR,COP,IDR,4.842342,0.206512
1 COP = 0.001920 ILS,COP,ILS,0.001920,520.825093
1 COP = 0.082505 KZT,COP,KZT,0.082505,12.120516
1 COP = 0.606125 KRW,COP,KRW,0.606125,1.649825
1 COP = 0.000155 KWD,COP,KWD,0.000155,"6,439.686589"
1 COP = 0.001094 LYD,COP,LYD,0.001094,914.432830
1 COP = 0.001686 MYR,COP,MYR,0.001686,593.167573
1 COP = 0.015409 MUR,COP,MUR,0.015409,64.897075
1 COP = 0.040259 NPR,COP,NPR,0.040259,24.839050
1 COP = 0.000710 NZD,COP,NZD,0.000710,"1,407.869836"
1 COP = 0.002993 NOK,COP,NOK,0.002993,334.104555
1 COP = 0.000218 OMR,COP,OMR,0.000218,"4,595.708713"
1 COP = 0.047711 PKR,COP,PKR,0.047711,20.959334
1 COP = 0.001499 PLN,COP,PLN,0.001499,667.230209
1 COP = 0.002060 QAR,COP,QAR,0.002060,485.453297
1 COP = 0.015463 RUB,COP,RUB,0.015463,64.672429
1 COP = 0.002122 SAR,COP,SAR,0.002122,471.213333
1 COP = 0.000696 SGD,COP,SGD,0.000696,"1,437.513614"
1 COP = 0.003749 ZAR,COP,ZAR,0.003749,266.768353
1 COP = 0.062127 LKR,COP,LKR,0.062127,16.096064
1 COP = 0.003420 SEK,COP,SEK,0.003420,292.402552
1 COP = 0.000488 CHF,COP,CHF,0.000488,"2,049.429617"
1 COP = 0.016991 THB,COP,THB,0.016991,58.854738
1 COP = 0.003619 TTD,COP,TTD,0.003619,276.313115
1 COP = 0.002078 AED,COP,AED,0.002078,481.157250
1 COP = 0.002427 VEF,COP,VEF,0.002427,411.966988
1 COP = 0.045868 JPY,COP,JPY,0.045868,21.801723
1 COP = 0.000744 BGN,COP,BGN,0.000744,"1,344.577058"
1 COP = 0.001313 LTL,COP,LTL,0.001313,761.620659
1 COP = 0.000270 LVL,COP,LVL,0.000270,"3,706.446526"
1 COP = 0.001563 RON,COP,RON,0.001563,639.835477
1 COP = 0.002807 HRK,COP,HRK,0.002807,356.258729
1 COP = 0.000870 TRY,COP,TRY,0.000870,"1,149.505534"
1 COP = 0.000897 BRL,COP,BRL,0.000897,"1,115.282162"
1 COP = 0.004397 HKD,COP,HKD,0.004397,227.439507
1 COP = 0.006547 MXN,COP,MXN,0.006547,152.736407
1 COP = 0.024285 PHP,COP,PHP,0.024285,41.176936
1 CZK = 0.041311 EUR,CZK,EUR,0.041311,24.206715
1 CZK = 0.037214 GBP,CZK,GBP,0.037214,26.871789
1 CZK = 0.061479 USD,CZK,USD,0.061479,16.265768
1 CZK = 4.383009 DZD,CZK,DZD,4.383009,0.228154
1 CZK = 0.056751 AUD,CZK,AUD,0.056751,17.620922
1 CZK = 0.391834 BWP,CZK,BWP,0.391834,2.552099
1 CZK = 0.075631 BND,CZK,BND,0.075631,13.222051
1 CZK = 0.058784 CAD,CZK,CAD,0.058784,17.011477
1 CZK = 28.468992 CLP,CZK,CLP,28.468992,0.035126
1 CZK = 0.399532 CNY,CZK,CNY,0.399532,2.502929
1 CZK = 108.636127 COP,CZK,COP,108.636127,0.009205
1 CZK = 1.000000 CZK,CZK,CZK,1.000000,1.000000
1 CZK = 0.308046 DKK,CZK,DKK,0.308046,3.246268
1 CZK = 10.963566 HUF,CZK,HUF,10.963566,0.091211
1 CZK = 6.848124 ISK,CZK,ISK,6.848124,0.146025
1 CZK = 2.738877 INR,CZK,INR,2.738877,0.365113
1 CZK = 526.053302 IDR,CZK,IDR,526.053302,0.001901
1 CZK = 0.208585 ILS,CZK,ILS,0.208585,4.794216
1 CZK = 8.962995 KZT,CZK,KZT,8.962995,0.111570
1 CZK = 65.847062 KRW,CZK,KRW,65.847062,0.015187
1 CZK = 0.016870 KWD,CZK,KWD,0.016870,59.277579
1 CZK = 0.118802 LYD,CZK,LYD,0.118802,8.417392
1 CZK = 0.183146 MYR,CZK,MYR,0.183146,5.460132
1 CZK = 1.673976 MUR,CZK,MUR,1.673976,0.597380
1 CZK = 4.373602 NPR,CZK,NPR,4.373602,0.228644
1 CZK = 0.077163 NZD,CZK,NZD,0.077163,12.959499
1 CZK = 0.325156 NOK,CZK,NOK,0.325156,3.075446
1 CZK = 0.023639 OMR,CZK,OMR,0.023639,42.303687
1 CZK = 5.183186 PKR,CZK,PKR,5.183186,0.192932
1 CZK = 0.162817 PLN,CZK,PLN,0.162817,6.141881
1 CZK = 0.223783 QAR,CZK,QAR,0.223783,4.468617
1 CZK = 1.679790 RUB,CZK,RUB,1.679790,0.595312
1 CZK = 0.230546 SAR,CZK,SAR,0.230546,4.337538
1 CZK = 0.075572 SGD,CZK,SGD,0.075572,13.232372
1 CZK = 0.407230 ZAR,CZK,ZAR,0.407230,2.455614
1 CZK = 6.749236 LKR,CZK,LKR,6.749236,0.148165
1 CZK = 0.371529 SEK,CZK,SEK,0.371529,2.691577
1 CZK = 0.053008 CHF,CZK,CHF,0.053008,18.865084
1 CZK = 1.845835 THB,CZK,THB,1.845835,0.541760
1 CZK = 0.393163 TTD,CZK,TTD,0.393163,2.543474
1 CZK = 0.225781 AED,CZK,AED,0.225781,4.429072
1 CZK = 0.263701 VEF,CZK,VEF,0.263701,3.792173
1 CZK = 4.982915 JPY,CZK,JPY,4.982915,0.200686
1 CZK = 0.080796 BGN,CZK,BGN,0.080796,12.376887
1 CZK = 0.142638 LTL,CZK,LTL,0.142638,7.010749
1 CZK = 0.029310 LVL,CZK,LVL,0.029310,34.117992
1 CZK = 0.169788 RON,CZK,RON,0.169788,5.889712
1 CZK = 0.304936 HRK,CZK,HRK,0.304936,3.279376
1 CZK = 0.094507 TRY,CZK,TRY,0.094507,10.581246
1 CZK = 0.097407 BRL,CZK,BRL,0.097407,10.266218
1 CZK = 0.477648 HKD,CZK,HKD,0.477648,2.093590
1 CZK = 0.711265 MXN,CZK,MXN,0.711265,1.405945
1 CZK = 2.638276 PHP,CZK,PHP,2.638276,0.379035
1 INR = 0.015083 EUR,INR,EUR,0.015083,66.299226
1 INR = 0.013587 GBP,INR,GBP,0.013587,73.598536
1 INR = 0.022447 USD,INR,USD,0.022447,44.549943
1 INR = 1.600294 DZD,INR,DZD,1.600294,0.624885
1 INR = 0.020720 AUD,INR,AUD,0.020720,48.261544
1 INR = 0.143064 BWP,INR,BWP,0.143064,6.989886
1 INR = 0.027614 BND,INR,BND,0.027614,36.213578
1 INR = 0.021463 CAD,INR,CAD,0.021463,46.592351
1 INR = 10.394402 CLP,INR,CLP,10.394402,0.096206
1 INR = 0.145874 CNY,INR,CNY,0.145874,6.855215
1 INR = 39.664473 COP,INR,COP,39.664473,0.025211
1 INR = 0.365113 CZK,INR,CZK,0.365113,2.738877
1 INR = 0.112472 DKK,INR,DKK,0.112472,8.891129
1 INR = 4.002941 HUF,INR,HUF,4.002941,0.249816
1 INR = 2.500340 ISK,INR,ISK,2.500340,0.399946
1 INR = 1.000000 INR,INR,INR,1.000000,1.000000
1 INR = 192.068949 IDR,INR,IDR,192.068949,0.005206
1 INR = 0.076157 ILS,INR,ILS,0.076157,13.130771
1 INR = 3.272507 KZT,INR,KZT,3.272507,0.305576
1 INR = 24.041625 KRW,INR,KRW,24.041625,0.041595
1 INR = 0.006159 KWD,INR,KWD,0.006159,162.354020
1 INR = 0.043376 LYD,INR,LYD,0.043376,23.054204
1 INR = 0.066869 MYR,INR,MYR,0.066869,14.954632
1 INR = 0.611190 MUR,INR,MUR,0.611190,1.636151
1 INR = 1.596860 NPR,INR,NPR,1.596860,0.626229
1 INR = 0.028173 NZD,INR,NZD,0.028173,35.494480
1 INR = 0.118719 NOK,INR,NOK,0.118719,8.423270
1 INR = 0.008631 OMR,INR,OMR,0.008631,115.864611
1 INR = 1.892449 PKR,INR,PKR,1.892449,0.528416
1 INR = 0.059446 PLN,INR,PLN,0.059446,16.821860
1 INR = 0.081706 QAR,INR,QAR,0.081706,12.238995
1 INR = 0.613313 RUB,INR,RUB,0.613313,1.630488
1 INR = 0.084175 SAR,INR,SAR,0.084175,11.879985
1 INR = 0.027592 SGD,INR,SGD,0.027592,36.241844
1 INR = 0.148685 ZAR,INR,ZAR,0.148685,6.725625
1 INR = 2.464234 LKR,INR,LKR,2.464234,0.405806
1 INR = 0.135650 SEK,INR,SEK,0.135650,7.371901
1 INR = 0.019354 CHF,INR,CHF,0.019354,51.669151
1 INR = 0.673938 THB,INR,THB,0.673938,1.483815
1 INR = 0.143549 TTD,INR,TTD,0.143549,6.966262
1 INR = 0.082436 AED,INR,AED,0.082436,12.130686
1 INR = 0.096281 VEF,INR,VEF,0.096281,10.386297
1 INR = 1.819327 JPY,INR,JPY,1.819327,0.549654
1 INR = 0.029500 BGN,INR,BGN,0.029500,33.898776
1 INR = 0.052079 LTL,INR,LTL,0.052079,19.201583
1 INR = 0.010701 LVL,INR,LVL,0.010701,93.444997
1 INR = 0.061992 RON,INR,RON,0.061992,16.131198
1 INR = 0.111336 HRK,INR,HRK,0.111336,8.981809
1 INR = 0.034506 TRY,INR,TRY,0.034506,28.980734
1 INR = 0.035565 BRL,INR,BRL,0.035565,28.117912
1 INR = 0.174396 HKD,INR,HKD,0.174396,5.734086
1 INR = 0.259692 MXN,INR,MXN,0.259692,3.850711
1 INR = 0.963269 PHP,INR,PHP,0.963269,1.038131
1 SEK = 0.111191 EUR,SEK,EUR,0.111191,8.993505
1 SEK = 0.100164 GBP,SEK,GBP,0.100164,9.983658
1 SEK = 0.165475 USD,SEK,USD,0.165475,6.043210
1 SEK = 11.797207 DZD,SEK,DZD,11.797207,0.084766
1 SEK = 0.152749 AUD,SEK,AUD,0.152749,6.546689
1 SEK = 1.054652 BWP,SEK,BWP,1.054652,0.948180
1 SEK = 0.203567 BND,SEK,BND,0.203567,4.912380
1 SEK = 0.158221 CAD,SEK,CAD,0.158221,6.320263
1 SEK = 76.626496 CLP,SEK,CLP,76.626496,0.013050
1 SEK = 1.075371 CNY,SEK,CNY,1.075371,0.929911
1 SEK = 292.402552 COP,SEK,COP,292.402552,0.003420
1 SEK = 2.691577 CZK,SEK,CZK,2.691577,0.371529
1 SEK = 0.829130 DKK,SEK,DKK,0.829130,1.206084
1 SEK = 29.509287 HUF,SEK,HUF,29.509287,0.033888
1 SEK = 18.432257 ISK,SEK,ISK,18.432257,0.054253
1 SEK = 7.371901 INR,SEK,INR,7.371901,0.135650
"1 SEK = 1,415.913210 IDR",SEK,IDR,"1,415.913210",0.000706
1 SEK = 0.561422 ILS,SEK,ILS,0.561422,1.781192
1 SEK = 24.124596 KZT,SEK,KZT,24.124596,0.041451
1 SEK = 177.232469 KRW,SEK,KRW,177.232469,0.005642
1 SEK = 0.045406 KWD,SEK,KWD,0.045406,22.023360
1 SEK = 0.319764 LYD,SEK,LYD,0.319764,3.127308
1 SEK = 0.492951 MYR,SEK,MYR,0.492951,2.028599
1 SEK = 4.505635 MUR,SEK,MUR,4.505635,0.221944
1 SEK = 11.771890 NPR,SEK,NPR,11.771890,0.084948
1 SEK = 0.207691 NZD,SEK,NZD,0.207691,4.814834
1 SEK = 0.875183 NOK,SEK,NOK,0.875183,1.142618
1 SEK = 0.063625 OMR,SEK,OMR,0.063625,15.717061
1 SEK = 13.950947 PKR,SEK,PKR,13.950947,0.071680
1 SEK = 0.438233 PLN,SEK,PLN,0.438233,2.281889
1 SEK = 0.602329 QAR,SEK,QAR,0.602329,1.660223
1 SEK = 4.521286 RUB,SEK,RUB,4.521286,0.221176
1 SEK = 0.620531 SAR,SEK,SAR,0.620531,1.611523
1 SEK = 0.203409 SGD,SEK,SGD,0.203409,4.916214
1 SEK = 1.096092 ZAR,SEK,ZAR,1.096092,0.912333
1 SEK = 18.166091 LKR,SEK,LKR,18.166091,0.055048
1 SEK = 1.000000 SEK,SEK,SEK,1.000000,1.000000
1 SEK = 0.142675 CHF,SEK,CHF,0.142675,7.008932
1 SEK = 4.968207 THB,SEK,THB,4.968207,0.201280
1 SEK = 1.058229 TTD,SEK,TTD,1.058229,0.944975
1 SEK = 0.607707 AED,SEK,AED,0.607707,1.645530
1 SEK = 0.709772 VEF,SEK,VEF,0.709772,1.408904
1 SEK = 13.411901 JPY,SEK,JPY,13.411901,0.074561
1 SEK = 0.217468 BGN,SEK,BGN,0.217468,4.598377
1 SEK = 0.383922 LTL,SEK,LTL,0.383922,2.604699
1 SEK = 0.078890 LVL,SEK,LVL,0.078890,12.675835
1 SEK = 0.456996 RON,SEK,RON,0.456996,2.188201
1 SEK = 0.820759 HRK,SEK,HRK,0.820759,1.218384
1 SEK = 0.254372 TRY,SEK,TRY,0.254372,3.931243
1 SEK = 0.262178 BRL,SEK,BRL,0.262178,3.814201
1 SEK = 1.285628 HKD,SEK,HKD,1.285628,0.777830
1 SEK = 1.914426 MXN,SEK,MXN,1.914426,0.522350
1 SEK = 7.101125 PHP,SEK,PHP,7.101125,0.140823
1 HUF = 0.003768 EUR,HUF,EUR,0.003768,265.391917
1 HUF = 0.003394 GBP,HUF,GBP,0.003394,294.610628
1 HUF = 0.005608 USD,HUF,USD,0.005608,178.330813
1 HUF = 0.399779 DZD,HUF,DZD,0.399779,2.501379
1 HUF = 0.005176 AUD,HUF,AUD,0.005176,193.188136
1 HUF = 0.035740 BWP,HUF,BWP,0.035740,27.980105
1 HUF = 0.006898 BND,HUF,BND,0.006898,144.960830
1 HUF = 0.005362 CAD,HUF,CAD,0.005362,186.506451
1 HUF = 2.596691 CLP,HUF,CLP,2.596691,0.385106
1 HUF = 0.036442 CNY,HUF,CNY,0.036442,27.441023
1 HUF = 9.908832 COP,HUF,COP,9.908832,0.100920
1 HUF = 0.091211 CZK,HUF,CZK,0.091211,10.963566
1 HUF = 0.028097 DKK,HUF,DKK,0.028097,35.590670
1 HUF = 1.000000 HUF,HUF,HUF,1.000000,1.000000
1 HUF = 0.624626 ISK,HUF,ISK,0.624626,1.600959
1 HUF = 0.249816 INR,HUF,INR,0.249816,4.002941
1 HUF = 47.981953 IDR,HUF,IDR,47.981953,0.020841
1 HUF = 0.019025 ILS,HUF,ILS,0.019025,52.561706
1 HUF = 0.817526 KZT,HUF,KZT,0.817526,1.223203
1 HUF = 6.005990 KRW,HUF,KRW,6.005990,0.166500
1 HUF = 0.001539 KWD,HUF,KWD,0.001539,649.893634
1 HUF = 0.010836 LYD,HUF,LYD,0.010836,92.284627
1 HUF = 0.016705 MYR,HUF,MYR,0.016705,59.862514
1 HUF = 0.152685 MUR,HUF,MUR,0.152685,6.549417
1 HUF = 0.398922 NPR,HUF,NPR,0.398922,2.506759
1 HUF = 0.007038 NZD,HUF,NZD,0.007038,142.082325
1 HUF = 0.029658 NOK,HUF,NOK,0.029658,33.717856
1 HUF = 0.002156 OMR,HUF,OMR,0.002156,463.799254
1 HUF = 0.472765 PKR,HUF,PKR,0.472765,2.115217
1 HUF = 0.014851 PLN,HUF,PLN,0.014851,67.336921
1 HUF = 0.020412 QAR,HUF,QAR,0.020412,48.991982
1 HUF = 0.153216 RUB,HUF,RUB,0.153216,6.526746
1 HUF = 0.021028 SAR,HUF,SAR,0.021028,47.554883
1 HUF = 0.006893 SGD,HUF,SGD,0.006893,145.073977
1 HUF = 0.037144 ZAR,HUF,ZAR,0.037144,26.922281
1 HUF = 0.615606 LKR,HUF,LKR,0.615606,1.624416
1 HUF = 0.033888 SEK,HUF,SEK,0.033888,29.509287
1 HUF = 0.004835 CHF,HUF,CHF,0.004835,206.828584
1 HUF = 0.168361 THB,HUF,THB,0.168361,5.939624
1 HUF = 0.035861 TTD,HUF,TTD,0.035861,27.885539
1 HUF = 0.020594 AED,HUF,AED,0.020594,48.558424
1 HUF = 0.024052 VEF,HUF,VEF,0.024052,41.575738
1 HUF = 0.454498 JPY,HUF,JPY,0.454498,2.200231
1 HUF = 0.007369 BGN,HUF,BGN,0.007369,135.694813
1 HUF = 0.013010 LTL,HUF,LTL,0.013010,76.862812
1 HUF = 0.002673 LVL,HUF,LVL,0.002673,374.054850
1 HUF = 0.015487 RON,HUF,RON,0.015487,64.572242
1 HUF = 0.027814 HRK,HUF,HRK,0.027814,35.953657
1 HUF = 0.008620 TRY,HUF,TRY,0.008620,116.008181
1 HUF = 0.008885 BRL,HUF,BRL,0.008885,112.554356
1 HUF = 0.043567 HKD,HUF,HKD,0.043567,22.953211
1 HUF = 0.064875 MXN,HUF,MXN,0.064875,15.414169
1 HUF = 0.240640 PHP,HUF,PHP,0.240640,4.155579
1 CLP = 0.001451 EUR,CLP,EUR,0.001451,689.140777
1 CLP = 0.001307 GBP,CLP,GBP,0.001307,765.012737
1 CLP = 0.002160 USD,CLP,USD,0.002160,463.070000
1 CLP = 0.153957 DZD,CLP,DZD,0.153957,6.495308
1 CLP = 0.001993 AUD,CLP,AUD,0.001993,501.649875
1 CLP = 0.013764 BWP,CLP,BWP,0.013764,72.655683
1 CLP = 0.002657 BND,CLP,BND,0.002657,376.418469
1 CLP = 0.002065 CAD,CLP,CAD,0.002065,484.299605
1 CLP = 1.000000 CLP,CLP,CLP,1.000000,1.000000
1 CLP = 0.014034 CNY,CLP,CNY,0.014034,71.255855
1 CLP = 3.815946 COP,CLP,COP,3.815946,0.262058
1 CLP = 0.035126 CZK,CLP,CZK,0.035126,28.468992
1 CLP = 0.010820 DKK,CLP,DKK,0.010820,92.417970
1 CLP = 0.385106 HUF,CLP,HUF,0.385106,2.596691
1 CLP = 0.240547 ISK,CLP,ISK,0.240547,4.157195
1 CLP = 0.096206 INR,CLP,INR,0.096206,10.394402
1 CLP = 18.478115 IDR,CLP,IDR,18.478115,0.054118
1 CLP = 0.007327 ILS,CLP,ILS,0.007327,136.486503
1 CLP = 0.314834 KZT,CLP,KZT,0.314834,3.176281
1 CLP = 2.312940 KRW,CLP,KRW,2.312940,0.432350
1 CLP = 0.000593 KWD,CLP,KWD,0.000593,"1,687.572886"
1 CLP = 0.004173 LYD,CLP,LYD,0.004173,239.634651
1 CLP = 0.006433 MYR,CLP,MYR,0.006433,155.444446
1 CLP = 0.058800 MUR,CLP,MUR,0.058800,17.006813
1 CLP = 0.153627 NPR,CLP,NPR,0.153627,6.509277
1 CLP = 0.002710 NZD,CLP,NZD,0.002710,368.943881
1 CLP = 0.011421 NOK,CLP,NOK,0.011421,87.554849
1 CLP = 0.000830 OMR,CLP,OMR,0.000830,"1,204.343303"
1 CLP = 0.182064 PKR,CLP,PKR,0.182064,5.492566
1 CLP = 0.005719 PLN,CLP,PLN,0.005719,174.853169
1 CLP = 0.007861 QAR,CLP,QAR,0.007861,127.217033
1 CLP = 0.059004 RUB,CLP,RUB,0.059004,16.947942
1 CLP = 0.008098 SAR,CLP,SAR,0.008098,123.485333
1 CLP = 0.002655 SGD,CLP,SGD,0.002655,376.712277
1 CLP = 0.014304 ZAR,CLP,ZAR,0.014304,69.908843
1 CLP = 0.237073 LKR,CLP,LKR,0.237073,4.218106
1 CLP = 0.013050 SEK,CLP,SEK,0.013050,76.626496
1 CLP = 0.001862 CHF,CLP,CHF,0.001862,537.069903
1 CLP = 0.064837 THB,CLP,THB,0.064837,15.423369
1 CLP = 0.013810 TTD,CLP,TTD,0.013810,72.410127
1 CLP = 0.007931 AED,CLP,AED,0.007931,126.091219
1 CLP = 0.009263 VEF,CLP,VEF,0.009263,107.959341
1 CLP = 0.175030 JPY,CLP,JPY,0.175030,5.713321
1 CLP = 0.002838 BGN,CLP,BGN,0.002838,352.357487
1 CLP = 0.005010 LTL,CLP,LTL,0.005010,199.588964
1 CLP = 0.001030 LVL,CLP,LVL,0.001030,971.304826
1 CLP = 0.005964 RON,CLP,RON,0.005964,167.674154
1 CLP = 0.010711 HRK,CLP,HRK,0.010711,93.360533
1 CLP = 0.003320 TRY,CLP,TRY,0.003320,301.237389
1 CLP = 0.003422 BRL,CLP,BRL,0.003422,292.268872
1 CLP = 0.016778 HKD,CLP,HKD,0.016778,59.602395
1 CLP = 0.024984 MXN,CLP,MXN,0.024984,40.025833
1 CLP = 0.092672 PHP,CLP,PHP,0.092672,10.790755
1 BND = 0.546214 EUR,BND,EUR,0.546214,1.830784
1 BND = 0.492042 GBP,BND,GBP,0.492042,2.032346
1 BND = 0.812876 USD,BND,USD,0.812876,1.230200
1 BND = 57.952365 DZD,BND,DZD,57.952365,0.017256
1 BND = 0.750361 AUD,BND,AUD,0.750361,1.332692
1 BND = 5.180854 BWP,BND,BWP,5.180854,0.193018
1 BND = 1.000000 BND,BND,BND,1.000000,1.000000
1 BND = 0.777243 CAD,BND,CAD,0.777243,1.286599
1 BND = 376.418469 CLP,BND,CLP,376.418469,0.002657
1 BND = 5.282632 CNY,BND,CNY,5.282632,0.189300
"1 BND = 1,436.392457 COP",BND,COP,"1,436.392457",0.000696
1 BND = 13.222051 CZK,BND,CZK,13.222051,0.075631
1 BND = 4.073001 DKK,BND,DKK,4.073001,0.245519
1 BND = 144.960830 HUF,BND,HUF,144.960830,0.006898
1 BND = 90.546253 ISK,BND,ISK,90.546253,0.011044
1 BND = 36.213578 INR,BND,INR,36.213578,0.027614
"1 BND = 6,955.503783 IDR",BND,IDR,"6,955.503783",0.000144
1 BND = 2.757917 ILS,BND,ILS,2.757917,0.362592
1 BND = 118.509185 KZT,BND,KZT,118.509185,0.008438
1 BND = 870.633241 KRW,BND,KRW,870.633241,0.001149
1 BND = 0.223053 KWD,BND,KWD,0.223053,4.483236
1 BND = 1.570801 LYD,BND,LYD,1.570801,0.636618
1 BND = 2.421563 MYR,BND,MYR,2.421563,0.412956
1 BND = 22.133393 MUR,BND,MUR,22.133393,0.045181
1 BND = 57.827995 NPR,BND,NPR,57.827995,0.017293
1 BND = 1.020259 NZD,BND,NZD,1.020259,0.980143
1 BND = 4.299230 NOK,BND,NOK,4.299230,0.232600
1 BND = 0.312551 OMR,BND,OMR,0.312551,3.199480
1 BND = 68.532352 PKR,BND,PKR,68.532352,0.014592
1 BND = 2.152769 PLN,BND,PLN,2.152769,0.464518
1 BND = 2.958868 QAR,BND,QAR,2.958868,0.337967
1 BND = 22.210275 RUB,BND,RUB,22.210275,0.045024
1 BND = 3.048285 SAR,BND,SAR,3.048285,0.328053
1 BND = 0.999220 SGD,BND,SGD,0.999220,1.000781
1 BND = 5.384419 ZAR,BND,ZAR,5.384419,0.185721
1 BND = 89.238742 LKR,BND,LKR,89.238742,0.011206
1 BND = 4.912380 SEK,BND,SEK,4.912380,0.203567
1 BND = 0.700874 CHF,BND,CHF,0.700874,1.426789
1 BND = 24.405723 THB,BND,THB,24.405723,0.040974
1 BND = 5.198423 TTD,BND,TTD,5.198423,0.192366
1 BND = 2.985287 AED,BND,AED,2.985287,0.334976
1 BND = 3.486669 VEF,BND,VEF,3.486669,0.286807
1 BND = 65.884355 JPY,BND,JPY,65.884355,0.015178
1 BND = 1.068286 BGN,BND,BGN,1.068286,0.936079
1 BND = 1.885968 LTL,BND,LTL,1.885968,0.530232
1 BND = 0.387539 LVL,BND,LVL,0.387539,2.580386
1 BND = 2.244940 RON,BND,RON,2.244940,0.445446
1 BND = 4.031880 HRK,BND,HRK,4.031880,0.248023
1 BND = 1.249574 TRY,BND,TRY,1.249574,0.800273
1 BND = 1.287918 BRL,BND,BRL,1.287918,0.776447
1 BND = 6.315492 HKD,BND,HKD,6.315492,0.158341
1 BND = 9.404388 MXN,BND,MXN,9.404388,0.106333
1 BND = 34.883423 PHP,BND,PHP,34.883423,0.028667
1 CAD = 0.702759 EUR,CAD,EUR,0.702759,1.422964
1 CAD = 0.633061 GBP,CAD,GBP,0.633061,1.579627
1 CAD = 1.045845 USD,CAD,USD,1.045845,0.956164
1 CAD = 74.561452 DZD,CAD,DZD,74.561452,0.013412
1 CAD = 0.965414 AUD,CAD,AUD,0.965414,1.035825
1 CAD = 6.665681 BWP,CAD,BWP,6.665681,0.150022
1 CAD = 1.286599 BND,CAD,BND,1.286599,0.777243
1 CAD = 1.000000 CAD,CAD,CAD,1.000000,1.000000
1 CAD = 484.299605 CLP,CAD,CLP,484.299605,0.002065
1 CAD = 6.796629 CNY,CAD,CNY,6.796629,0.147132
"1 CAD = 1,848.061021 COP",CAD,COP,"1,848.061021",0.000541
1 CAD = 17.011477 CZK,CAD,CZK,17.011477,0.058784
1 CAD = 5.240319 DKK,CAD,DKK,5.240319,0.190828
1 CAD = 186.506451 HUF,CAD,HUF,186.506451,0.005362
1 CAD = 116.496713 ISK,CAD,ISK,116.496713,0.008584
1 CAD = 46.592351 INR,CAD,INR,46.592351,0.021463
"1 CAD = 8,948.943838 IDR",CAD,IDR,"8,948.943838",0.000112
1 CAD = 3.548333 ILS,CAD,ILS,3.548333,0.281822
1 CAD = 152.473793 KZT,CAD,KZT,152.473793,0.006559
"1 CAD = 1,120.155810 KRW",CAD,KRW,"1,120.155810",0.000893
1 CAD = 0.286980 KWD,CAD,KWD,0.286980,3.484564
1 CAD = 2.020992 LYD,CAD,LYD,2.020992,0.494807
1 CAD = 3.115580 MYR,CAD,MYR,3.115580,0.320968
1 CAD = 28.476800 MUR,CAD,MUR,28.476800,0.035116
1 CAD = 74.401438 NPR,CAD,NPR,74.401438,0.013441
1 CAD = 1.312665 NZD,CAD,NZD,1.312665,0.761809
1 CAD = 5.531385 NOK,CAD,NOK,5.531385,0.180787
1 CAD = 0.402128 OMR,CAD,OMR,0.402128,2.486773
1 CAD = 88.173652 PKR,CAD,PKR,88.173652,0.011341
1 CAD = 2.769750 PLN,CAD,PLN,2.769750,0.361043
1 CAD = 3.806877 QAR,CAD,QAR,3.806877,0.262683
1 CAD = 28.575717 RUB,CAD,RUB,28.575717,0.034995
1 CAD = 3.921920 SAR,CAD,SAR,3.921920,0.254977
1 CAD = 1.285595 SGD,CAD,SGD,1.285595,0.777850
1 CAD = 6.927587 ZAR,CAD,ZAR,6.927587,0.144350
1 CAD = 114.814471 LKR,CAD,LKR,114.814471,0.008710
1 CAD = 6.320263 SEK,CAD,SEK,6.320263,0.158221
1 CAD = 0.901744 CHF,CAD,CHF,0.901744,1.108962
1 CAD = 31.400378 THB,CAD,THB,31.400378,0.031847
1 CAD = 6.688286 TTD,CAD,TTD,6.688286,0.149515
1 CAD = 3.840867 AED,CAD,AED,3.840867,0.260358
1 CAD = 4.485944 VEF,CAD,VEF,4.485944,0.222918
1 CAD = 84.766742 JPY,CAD,JPY,84.766742,0.011797
1 CAD = 1.374455 BGN,CAD,BGN,1.374455,0.727561
1 CAD = 2.426485 LTL,CAD,LTL,2.426485,0.412119
1 CAD = 0.498607 LVL,CAD,LVL,0.498607,2.005587
1 CAD = 2.888338 RON,CAD,RON,2.888338,0.346220
1 CAD = 5.187413 HRK,CAD,HRK,5.187413,0.192774
1 CAD = 1.607701 TRY,CAD,TRY,1.607701,0.622006
1 CAD = 1.657035 BRL,CAD,BRL,1.657035,0.603488
1 CAD = 8.125506 HKD,CAD,HKD,8.125506,0.123069
1 CAD = 12.099676 MXN,CAD,MXN,12.099676,0.082647
1 CAD = 44.880975 PHP,CAD,PHP,44.880975,0.022281
1 NOK = 0.127049 EUR,NOK,EUR,0.127049,7.870961
1 NOK = 0.114449 GBP,NOK,GBP,0.114449,8.737526
1 NOK = 0.189075 USD,NOK,USD,0.189075,5.288913
1 NOK = 13.479707 DZD,NOK,DZD,13.479707,0.074186
1 NOK = 0.174534 AUD,NOK,AUD,0.174534,5.729550
1 NOK = 1.205065 BWP,NOK,BWP,1.205065,0.829830
1 NOK = 0.232600 BND,NOK,BND,0.232600,4.299230
1 NOK = 0.180787 CAD,NOK,CAD,0.180787,5.531385
1 NOK = 87.554849 CLP,NOK,CLP,87.554849,0.011421
1 NOK = 1.228739 CNY,NOK,CNY,1.228739,0.813842
1 NOK = 334.104555 COP,NOK,COP,334.104555,0.002993
1 NOK = 3.075446 CZK,NOK,CZK,3.075446,0.325156
1 NOK = 0.947379 DKK,NOK,DKK,0.947379,1.055544
1 NOK = 33.717856 HUF,NOK,HUF,33.717856,0.029658
1 NOK = 21.061038 ISK,NOK,ISK,21.061038,0.047481
1 NOK = 8.423270 INR,NOK,INR,8.423270,0.118719
"1 NOK = 1,617.848582 IDR",NOK,IDR,"1,617.848582",0.000618
1 NOK = 0.641491 ILS,NOK,ILS,0.641491,1.558869
1 NOK = 27.565209 KZT,NOK,KZT,27.565209,0.036278
1 NOK = 202.509092 KRW,NOK,KRW,202.509092,0.004938
1 NOK = 0.051882 KWD,NOK,KWD,0.051882,19.274465
1 NOK = 0.365368 LYD,NOK,LYD,0.365368,2.736966
1 NOK = 0.563255 MYR,NOK,MYR,0.563255,1.775395
1 NOK = 5.148222 MUR,NOK,MUR,5.148222,0.194242
1 NOK = 13.450778 NPR,NOK,NPR,13.450778,0.074345
1 NOK = 0.237312 NZD,NOK,NZD,0.237312,4.213860
1 NOK = 1.000000 NOK,NOK,NOK,1.000000,1.000000
1 NOK = 0.072699 OMR,NOK,OMR,0.072699,13.755301
1 NOK = 15.940609 PKR,NOK,PKR,15.940609,0.062733
1 NOK = 0.500734 PLN,NOK,PLN,0.500734,1.997070
1 NOK = 0.688232 QAR,NOK,QAR,0.688232,1.452998
1 NOK = 5.166105 RUB,NOK,RUB,5.166105,0.193569
1 NOK = 0.709030 SAR,NOK,SAR,0.709030,1.410377
1 NOK = 0.232418 SGD,NOK,SGD,0.232418,4.302586
1 NOK = 1.252415 ZAR,NOK,ZAR,1.252415,0.798458
1 NOK = 20.756911 LKR,NOK,LKR,20.756911,0.048177
1 NOK = 1.142618 SEK,NOK,SEK,1.142618,0.875183
1 NOK = 0.163023 CHF,NOK,CHF,0.163023,6.134097
1 NOK = 5.676766 THB,NOK,THB,5.676766,0.176157
1 NOK = 1.209152 TTD,NOK,TTD,1.209152,0.827026
1 NOK = 0.694377 AED,NOK,AED,0.694377,1.440140
1 NOK = 0.810998 VEF,NOK,VEF,0.810998,1.233048
1 NOK = 15.324686 JPY,NOK,JPY,15.324686,0.065254
1 NOK = 0.248483 BGN,NOK,BGN,0.248483,4.024420
1 NOK = 0.438676 LTL,NOK,LTL,0.438676,2.279588
1 NOK = 0.090141 LVL,NOK,LVL,0.090141,11.093673
1 NOK = 0.522173 RON,NOK,RON,0.522173,1.915076
1 NOK = 0.937814 HRK,NOK,HRK,0.937814,1.066309
1 NOK = 0.290651 TRY,NOK,TRY,0.290651,3.440556
1 NOK = 0.299570 BRL,NOK,BRL,0.299570,3.338123
1 NOK = 1.468982 HKD,NOK,HKD,1.468982,0.680744
1 NOK = 2.187459 MXN,NOK,MXN,2.187459,0.457152
1 NOK = 8.113876 PHP,NOK,PHP,8.113876,0.123246
1 PLN = 0.253726 EUR,PLN,EUR,0.253726,3.941254
1 PLN = 0.228562 GBP,PLN,GBP,0.228562,4.375172
1 PLN = 0.377596 USD,PLN,USD,0.377596,2.648336
1 PLN = 26.919919 DZD,PLN,DZD,26.919919,0.037147
1 PLN = 0.348556 AUD,PLN,AUD,0.348556,2.868978
1 PLN = 2.406600 BWP,PLN,BWP,2.406600,0.415524
1 PLN = 0.464518 BND,PLN,BND,0.464518,2.152769
1 PLN = 0.361043 CAD,PLN,CAD,0.361043,2.769750
1 PLN = 174.853169 CLP,PLN,CLP,174.853169,0.005719
1 PLN = 2.453878 CNY,PLN,CNY,2.453878,0.407518
1 PLN = 667.230209 COP,PLN,COP,667.230209,0.001499
1 PLN = 6.141881 CZK,PLN,CZK,6.141881,0.162817
1 PLN = 1.891982 DKK,PLN,DKK,1.891982,0.528546
1 PLN = 67.336921 HUF,PLN,HUF,67.336921,0.014851
1 PLN = 42.060368 ISK,PLN,ISK,42.060368,0.023775
1 PLN = 16.821860 INR,PLN,INR,16.821860,0.059446
"1 PLN = 3,230.956986 IDR",PLN,IDR,"3,230.956986",0.000310
1 PLN = 1.281102 ILS,PLN,ILS,1.281102,0.780578
1 PLN = 55.049655 KZT,PLN,KZT,55.049655,0.018165
1 PLN = 404.424847 KRW,PLN,KRW,404.424847,0.002473
1 PLN = 0.103612 KWD,PLN,KWD,0.103612,9.651371
1 PLN = 0.729666 LYD,PLN,LYD,0.729666,1.370491
1 PLN = 1.124860 MYR,PLN,MYR,1.124860,0.889000
1 PLN = 10.281360 MUR,PLN,MUR,10.281360,0.097263
1 PLN = 26.862147 NPR,PLN,NPR,26.862147,0.037227
1 PLN = 0.473929 NZD,PLN,NZD,0.473929,2.110021
1 PLN = 1.997070 NOK,PLN,NOK,1.997070,0.500734
1 PLN = 0.145185 OMR,PLN,OMR,0.145185,6.887741
1 PLN = 31.834514 PKR,PLN,PKR,31.834514,0.031412
1 PLN = 1.000000 PLN,PLN,PLN,1.000000,1.000000
1 PLN = 1.374448 QAR,PLN,QAR,1.374448,0.727565
1 PLN = 10.317074 RUB,PLN,RUB,10.317074,0.096927
1 PLN = 1.415983 SAR,PLN,SAR,1.415983,0.706223
1 PLN = 0.464156 SGD,PLN,SGD,0.464156,2.154449
1 PLN = 2.501160 ZAR,PLN,ZAR,2.501160,0.399815
1 PLN = 41.453005 LKR,PLN,LKR,41.453005,0.024124
1 PLN = 2.281889 SEK,PLN,SEK,2.281889,0.438233
1 PLN = 0.325569 CHF,PLN,CHF,0.325569,3.071548
1 PLN = 11.336899 THB,PLN,THB,11.336899,0.088208
1 PLN = 2.414761 TTD,PLN,TTD,2.414761,0.414120
1 PLN = 1.386720 AED,PLN,AED,1.386720,0.721126
1 PLN = 1.619621 VEF,PLN,VEF,1.619621,0.617429
1 PLN = 30.604472 JPY,PLN,JPY,30.604472,0.032675
1 PLN = 0.496238 BGN,PLN,BGN,0.496238,2.015162
1 PLN = 0.876066 LTL,PLN,LTL,0.876066,1.141466
1 PLN = 0.180019 LVL,PLN,LVL,0.180019,5.554974
1 PLN = 1.042815 RON,PLN,RON,1.042815,0.958943
1 PLN = 1.872881 HRK,PLN,HRK,1.872881,0.533937
1 PLN = 0.580450 TRY,PLN,TRY,0.580450,1.722802
1 PLN = 0.598261 BRL,PLN,BRL,0.598261,1.671510
1 PLN = 2.933660 HKD,PLN,HKD,2.933660,0.340871
1 PLN = 4.368508 MXN,PLN,MXN,4.368508,0.228911
1 PLN = 16.203979 PHP,PLN,PHP,16.203979,0.061713
1 KZT = 0.004609 EUR,KZT,EUR,0.004609,216.964679
1 KZT = 0.004152 GBP,KZT,GBP,0.004152,240.851722
1 KZT = 0.006859 USD,KZT,USD,0.006859,145.790000
1 KZT = 0.489012 DZD,KZT,DZD,0.489012,2.044941
1 KZT = 0.006332 AUD,KZT,AUD,0.006332,157.936241
1 KZT = 0.043717 BWP,KZT,BWP,0.043717,22.874451
1 KZT = 0.008438 BND,KZT,BND,0.008438,118.509185
1 KZT = 0.006559 CAD,KZT,CAD,0.006559,152.473793
1 KZT = 3.176281 CLP,KZT,CLP,3.176281,0.314834
1 KZT = 0.044576 CNY,KZT,CNY,0.044576,22.433738
1 KZT = 12.120516 COP,KZT,COP,12.120516,0.082505
1 KZT = 0.111570 CZK,KZT,CZK,0.111570,8.962995
1 KZT = 0.034369 DKK,KZT,DKK,0.034369,29.096283
1 KZT = 1.223203 HUF,KZT,HUF,1.223203,0.817526
1 KZT = 0.764044 ISK,KZT,ISK,0.764044,1.308825
1 KZT = 0.305576 INR,KZT,INR,0.305576,3.272507
1 KZT = 58.691685 IDR,KZT,IDR,58.691685,0.017038
1 KZT = 0.023272 ILS,KZT,ILS,0.023272,42.970539
1 KZT = 1.000000 KZT,KZT,KZT,1.000000,1.000000
1 KZT = 7.346546 KRW,KZT,KRW,7.346546,0.136118
1 KZT = 0.001882 KWD,KZT,KWD,0.001882,531.304665
1 KZT = 0.013255 LYD,KZT,LYD,0.013255,75.445042
1 KZT = 0.020434 MYR,KZT,MYR,0.020434,48.939136
1 KZT = 0.186765 MUR,KZT,MUR,0.186765,5.354316
1 KZT = 0.487962 NPR,KZT,NPR,0.487962,2.049339
1 KZT = 0.008609 NZD,KZT,NZD,0.008609,116.155934
1 KZT = 0.036278 NOK,KZT,NOK,0.036278,27.565209
1 KZT = 0.002637 OMR,KZT,OMR,0.002637,379.167750
1 KZT = 0.578287 PKR,KZT,PKR,0.578287,1.729244
1 KZT = 0.018165 PLN,KZT,PLN,0.018165,55.049655
1 KZT = 0.024967 QAR,KZT,QAR,0.024967,40.052198
1 KZT = 0.187414 RUB,KZT,RUB,0.187414,5.335782
1 KZT = 0.025722 SAR,KZT,SAR,0.025722,38.877333
1 KZT = 0.008432 SGD,KZT,SGD,0.008432,118.601686
1 KZT = 0.045435 ZAR,KZT,ZAR,0.045435,22.009653
1 KZT = 0.753011 LKR,KZT,LKR,0.753011,1.328002
1 KZT = 0.041451 SEK,KZT,SEK,0.041451,24.124596
1 KZT = 0.005914 CHF,KZT,CHF,0.005914,169.087657
1 KZT = 0.205940 THB,KZT,THB,0.205940,4.855795
1 KZT = 0.043865 TTD,KZT,TTD,0.043865,22.797142
1 KZT = 0.025190 AED,KZT,AED,0.025190,39.697754
1 KZT = 0.029421 VEF,KZT,VEF,0.029421,33.989229
1 KZT = 0.555943 JPY,KZT,JPY,0.555943,1.798745
1 KZT = 0.009014 BGN,KZT,BGN,0.009014,110.933980
1 KZT = 0.015914 LTL,KZT,LTL,0.015914,62.837314
1 KZT = 0.003270 LVL,KZT,LVL,0.003270,305.799405
1 KZT = 0.018943 RON,KZT,RON,0.018943,52.789459
1 KZT = 0.034022 HRK,KZT,HRK,0.034022,29.393034
1 KZT = 0.010544 TRY,KZT,TRY,0.010544,94.839655
1 KZT = 0.010868 BRL,KZT,BRL,0.010868,92.016064
1 KZT = 0.053291 HKD,KZT,HKD,0.053291,18.764837
1 KZT = 0.079356 MXN,KZT,MXN,0.079356,12.601477
1 KZT = 0.294352 PHP,KZT,PHP,0.294352,3.397292
1 NPR = 0.009445 EUR,NPR,EUR,0.009445,105.870548
1 NPR = 0.008509 GBP,NPR,GBP,0.008509,117.526521
1 NPR = 0.014057 USD,NPR,USD,0.014057,71.140000
1 NPR = 1.002151 DZD,NPR,DZD,1.002151,0.997854
1 NPR = 0.012976 AUD,NPR,AUD,0.012976,77.066906
1 NPR = 0.089591 BWP,NPR,BWP,0.089591,11.161866
1 NPR = 0.017293 BND,NPR,BND,0.017293,57.827995
1 NPR = 0.013441 CAD,NPR,CAD,0.013441,74.401438
1 NPR = 6.509277 CLP,NPR,CLP,6.509277,0.153627
1 NPR = 0.091351 CNY,NPR,CNY,0.091351,10.946815
1 NPR = 24.839050 COP,NPR,COP,24.839050,0.040259
1 NPR = 0.228644 CZK,NPR,CZK,0.228644,4.373602
1 NPR = 0.070433 DKK,NPR,DKK,0.070433,14.197885
1 NPR = 2.506759 HUF,NPR,HUF,2.506759,0.398922
1 NPR = 1.565786 ISK,NPR,ISK,1.565786,0.638657
1 NPR = 0.626229 INR,NPR,INR,0.626229,1.596860
1 NPR = 120.279178 IDR,NPR,IDR,120.279178,0.008314
1 NPR = 0.047692 ILS,NPR,ILS,0.047692,20.967996
1 NPR = 2.049339 KZT,NPR,KZT,2.049339,0.487962
1 NPR = 15.055567 KRW,NPR,KRW,15.055567,0.066421
1 NPR = 0.003857 KWD,NPR,KWD,0.003857,259.256560
1 NPR = 0.027163 LYD,NPR,LYD,0.027163,36.814324
1 NPR = 0.041875 MYR,NPR,MYR,0.041875,23.880445
1 NPR = 0.382745 MUR,NPR,MUR,0.382745,2.612704
1 NPR = 1.000000 NPR,NPR,NPR,1.000000,1.000000
1 NPR = 0.017643 NZD,NPR,NZD,0.017643,56.679698
1 NPR = 0.074345 NOK,NPR,NOK,0.074345,13.450778
1 NPR = 0.005405 OMR,NPR,OMR,0.005405,185.019506
1 NPR = 1.185107 PKR,NPR,PKR,1.185107,0.843806
1 NPR = 0.037227 PLN,NPR,PLN,0.037227,26.862147
1 NPR = 0.051167 QAR,NPR,QAR,0.051167,19.543956
1 NPR = 0.384075 RUB,NPR,RUB,0.384075,2.603660
1 NPR = 0.052713 SAR,NPR,SAR,0.052713,18.970667
1 NPR = 0.017279 SGD,NPR,SGD,0.017279,57.873132
1 NPR = 0.093111 ZAR,NPR,ZAR,0.093111,10.739878
1 NPR = 1.543175 LKR,NPR,LKR,1.543175,0.648014
1 NPR = 0.084948 SEK,NPR,SEK,0.084948,11.771890
1 NPR = 0.012120 CHF,NPR,CHF,0.012120,82.508374
1 NPR = 0.422040 THB,NPR,THB,0.422040,2.369444
1 NPR = 0.089895 TTD,NPR,TTD,0.089895,11.124142
1 NPR = 0.051624 AED,NPR,AED,0.051624,19.371001
1 NPR = 0.060294 VEF,NPR,VEF,0.060294,16.585457
1 NPR = 1.139316 JPY,NPR,JPY,1.139316,0.877720
1 NPR = 0.018474 BGN,NPR,BGN,0.018474,54.131582
1 NPR = 0.032613 LTL,NPR,LTL,0.032613,30.662230
1 NPR = 0.006702 LVL,NPR,LVL,0.006702,149.218531
1 NPR = 0.038821 RON,NPR,RON,0.038821,25.759257
1 NPR = 0.069722 HRK,NPR,HRK,0.069722,14.342688
1 NPR = 0.021608 TRY,NPR,TRY,0.021608,46.278161
1 NPR = 0.022272 BRL,NPR,BRL,0.022272,44.900355
1 NPR = 0.109212 HKD,NPR,HKD,0.109212,9.156530
1 NPR = 0.162627 MXN,NPR,MXN,0.162627,6.149044
1 NPR = 0.603227 PHP,NPR,PHP,0.603227,1.657750
1 KWD = 2.448807 EUR,KWD,EUR,2.448807,0.408362
1 KWD = 2.205941 GBP,KWD,GBP,2.205941,0.453321
1 KWD = 3.644315 USD,KWD,USD,3.644315,0.274400
1 KWD = 259.814140 DZD,KWD,DZD,259.814140,0.003849
1 KWD = 3.364045 AUD,KWD,AUD,3.364045,0.297261
1 KWD = 23.226991 BWP,KWD,BWP,23.226991,0.043053
1 KWD = 4.483236 BND,KWD,BND,4.483236,0.223053
1 KWD = 3.484564 CAD,KWD,CAD,3.484564,0.286980
"1 KWD = 1,687.572886 CLP",KWD,CLP,"1,687.572886",0.000593
1 KWD = 23.683287 CNY,KWD,CNY,23.683287,0.042224
"1 KWD = 6,439.686589 COP",KWD,COP,"6,439.686589",0.000155
1 KWD = 59.277579 CZK,KWD,CZK,59.277579,0.016870
1 KWD = 18.260225 DKK,KWD,DKK,18.260225,0.054764
1 KWD = 649.893634 HUF,KWD,HUF,649.893634,0.001539
1 KWD = 405.940233 ISK,KWD,ISK,405.940233,0.002463
1 KWD = 162.354020 INR,KWD,INR,162.354020,0.006159
"1 KWD = 31,183.166011 IDR",KWD,IDR,"31,183.166011",0.000032
1 KWD = 12.364394 ILS,KWD,ILS,12.364394,0.080877
1 KWD = 531.304665 KZT,KWD,KZT,531.304665,0.001882
"1 KWD = 3,903.254419 KRW",KWD,KRW,"3,903.254419",0.000256
1 KWD = 1.000000 KWD,KWD,KWD,1.000000,1.000000
1 KWD = 7.042274 LYD,KWD,LYD,7.042274,0.142000
1 KWD = 10.856437 MYR,KWD,MYR,10.856437,0.092111
1 KWD = 99.229227 MUR,KWD,MUR,99.229227,0.010078
1 KWD = 259.256560 NPR,KWD,NPR,259.256560,0.003857
1 KWD = 4.574064 NZD,KWD,NZD,4.574064,0.218624
1 KWD = 19.274465 NOK,KWD,NOK,19.274465,0.051882
1 KWD = 1.401239 OMR,KWD,OMR,1.401239,0.713654
1 KWD = 307.246720 PKR,KWD,PKR,307.246720,0.003255
1 KWD = 9.651371 PLN,KWD,PLN,9.651371,0.103612
1 KWD = 13.265306 QAR,KWD,QAR,13.265306,0.075385
1 KWD = 99.573910 RUB,KWD,RUB,99.573910,0.010043
1 KWD = 13.666181 SAR,KWD,SAR,13.666181,0.073173
1 KWD = 4.479740 SGD,KWD,SGD,4.479740,0.223227
1 KWD = 24.139620 ZAR,KWD,ZAR,24.139620,0.041426
1 KWD = 400.078353 LKR,KWD,LKR,400.078353,0.002500
1 KWD = 22.023360 SEK,KWD,SEK,22.023360,0.045406
1 KWD = 3.142185 CHF,KWD,CHF,3.142185,0.318250
1 KWD = 109.416621 THB,KWD,THB,109.416621,0.009139
1 KWD = 23.305758 TTD,KWD,TTD,23.305758,0.042908
1 KWD = 13.383746 AED,KWD,AED,13.383746,0.074717
1 KWD = 15.631560 VEF,KWD,VEF,15.631560,0.063973
1 KWD = 295.375124 JPY,KWD,JPY,295.375124,0.003386
1 KWD = 4.789377 BGN,KWD,BGN,4.789377,0.208795
1 KWD = 8.455241 LTL,KWD,LTL,8.455241,0.118270
1 KWD = 1.737429 LVL,KWD,LVL,1.737429,0.575563
1 KWD = 10.064598 RON,KWD,RON,10.064598,0.099358
1 KWD = 18.075870 HRK,KWD,HRK,18.075870,0.055322
1 KWD = 5.602136 TRY,KWD,TRY,5.602136,0.178503
1 KWD = 5.774042 BRL,KWD,BRL,5.774042,0.173189
1 KWD = 28.313843 HKD,KWD,HKD,28.313843,0.035318
1 KWD = 42.162093 MXN,KWD,MXN,42.162093,0.023718
1 KWD = 156.390623 PHP,KWD,PHP,156.390623,0.006394
1 NZD = 0.535368 EUR,NZD,EUR,0.535368,1.867874
1 NZD = 0.482272 GBP,NZD,GBP,0.482272,2.073521
1 NZD = 0.796735 USD,NZD,USD,0.796735,1.255123
1 NZD = 56.801598 DZD,NZD,DZD,56.801598,0.017605
1 NZD = 0.735461 AUD,NZD,AUD,0.735461,1.359692
1 NZD = 5.077977 BWP,NZD,BWP,5.077977,0.196929
1 NZD = 0.980143 BND,NZD,BND,0.980143,1.020259
1 NZD = 0.761809 CAD,NZD,CAD,0.761809,1.312665
1 NZD = 368.943881 CLP,NZD,CLP,368.943881,0.002710
1 NZD = 5.177734 CNY,NZD,CNY,5.177734,0.193135
"1 NZD = 1,407.869836 COP",NZD,COP,"1,407.869836",0.000710
1 NZD = 12.959499 CZK,NZD,CZK,12.959499,0.077163
1 NZD = 3.992123 DKK,NZD,DKK,3.992123,0.250493
1 NZD = 142.082325 HUF,NZD,HUF,142.082325,0.007038
1 NZD = 88.748265 ISK,NZD,ISK,88.748265,0.011268
1 NZD = 35.494480 INR,NZD,INR,35.494480,0.028173
"1 NZD = 6,817.387494 IDR",NZD,IDR,"6,817.387494",0.000147
1 NZD = 2.703153 ILS,NZD,ILS,2.703153,0.369938
1 NZD = 116.155934 KZT,NZD,KZT,116.155934,0.008609
1 NZD = 853.344970 KRW,NZD,KRW,853.344970,0.001172
1 NZD = 0.218624 KWD,NZD,KWD,0.218624,4.574064
1 NZD = 1.539610 LYD,NZD,LYD,1.539610,0.649515
1 NZD = 2.373477 MYR,NZD,MYR,2.373477,0.421323
1 NZD = 21.693887 MUR,NZD,MUR,21.693887,0.046096
1 NZD = 56.679698 NPR,NZD,NPR,56.679698,0.017643
1 NZD = 1.000000 NZD,NZD,NZD,1.000000,1.000000
1 NZD = 4.213860 NOK,NZD,NOK,4.213860,0.237312
1 NZD = 0.306344 OMR,NZD,OMR,0.306344,3.264299
1 NZD = 67.171497 PKR,NZD,PKR,67.171497,0.014887
1 NZD = 2.110021 PLN,NZD,PLN,2.110021,0.473929
1 NZD = 2.900114 QAR,NZD,QAR,2.900114,0.344814
1 NZD = 21.769243 RUB,NZD,RUB,21.769243,0.045936
1 NZD = 2.987755 SAR,NZD,SAR,2.987755,0.334700
1 NZD = 0.979378 SGD,NZD,SGD,0.979378,1.021056
1 NZD = 5.277499 ZAR,NZD,ZAR,5.277499,0.189484
1 NZD = 87.466717 LKR,NZD,LKR,87.466717,0.011433
1 NZD = 4.814834 SEK,NZD,SEK,4.814834,0.207691
1 NZD = 0.686957 CHF,NZD,CHF,0.686957,1.455695
1 NZD = 23.921096 THB,NZD,THB,23.921096,0.041804
1 NZD = 5.095197 TTD,NZD,TTD,5.095197,0.196263
1 NZD = 2.926008 AED,NZD,AED,2.926008,0.341763
1 NZD = 3.417434 VEF,NZD,VEF,3.417434,0.292617
1 NZD = 64.576082 JPY,NZD,JPY,64.576082,0.015486
1 NZD = 1.047073 BGN,NZD,BGN,1.047073,0.955044
1 NZD = 1.848518 LTL,NZD,LTL,1.848518,0.540974
1 NZD = 0.379844 LVL,NZD,LVL,0.379844,2.632663
1 NZD = 2.200362 RON,NZD,RON,2.200362,0.454471
1 NZD = 3.951818 HRK,NZD,HRK,3.951818,0.253048
1 NZD = 1.224761 TRY,NZD,TRY,1.224761,0.816486
1 NZD = 1.262344 BRL,NZD,BRL,1.262344,0.792177
1 NZD = 6.190085 HKD,NZD,HKD,6.190085,0.161549
1 NZD = 9.217644 MXN,NZD,MXN,9.217644,0.108488
1 NZD = 34.190739 PHP,NZD,PHP,34.190739,0.029248
1 LKR = 0.006121 EUR,LKR,EUR,0.006121,163.376829
1 LKR = 0.005514 GBP,LKR,GBP,0.005514,181.364040
1 LKR = 0.009109 USD,LKR,USD,0.009109,109.781500
1 LKR = 0.649408 DZD,LKR,DZD,0.649408,1.539864
1 LKR = 0.008408 AUD,LKR,AUD,0.008408,118.927755
1 LKR = 0.058056 BWP,LKR,BWP,0.058056,17.224717
1 LKR = 0.011206 BND,LKR,BND,0.011206,89.238742
1 LKR = 0.008710 CAD,LKR,CAD,0.008710,114.814471
1 LKR = 4.218106 CLP,LKR,CLP,4.218106,0.237073
1 LKR = 0.059197 CNY,LKR,CNY,0.059197,16.892856
1 LKR = 16.096064 COP,LKR,COP,16.096064,0.062127
1 LKR = 0.148165 CZK,LKR,CZK,0.148165,6.749236
1 LKR = 0.045642 DKK,LKR,DKK,0.045642,21.909827
1 LKR = 1.624416 HUF,LKR,HUF,1.624416,0.615606
1 LKR = 1.014652 ISK,LKR,ISK,1.014652,0.985560
1 LKR = 0.405806 INR,LKR,INR,0.405806,2.464234
1 LKR = 77.942647 IDR,LKR,IDR,77.942647,0.012830
1 LKR = 0.030905 ILS,LKR,ILS,0.030905,32.357296
1 LKR = 1.328002 KZT,LKR,KZT,1.328002,0.753011
1 LKR = 9.756225 KRW,LKR,KRW,9.756225,0.102499
1 LKR = 0.002500 KWD,LKR,KWD,0.002500,400.078353
1 LKR = 0.017602 LYD,LKR,LYD,0.017602,56.810960
1 LKR = 0.027136 MYR,LKR,MYR,0.027136,36.851717
1 LKR = 0.248024 MUR,LKR,MUR,0.248024,4.031860
1 LKR = 0.648014 NPR,LKR,NPR,0.648014,1.543175
1 LKR = 0.011433 NZD,LKR,NZD,0.011433,87.466717
1 LKR = 0.048177 NOK,LKR,NOK,0.048177,20.756911
1 LKR = 0.003502 OMR,LKR,OMR,0.003502,285.517555
1 LKR = 0.767966 PKR,LKR,PKR,0.767966,1.302140
1 LKR = 0.024124 PLN,LKR,PLN,0.024124,41.453005
1 LKR = 0.033157 QAR,LKR,QAR,0.033157,30.159753
1 LKR = 0.248886 RUB,LKR,RUB,0.248886,4.017903
1 LKR = 0.034159 SAR,LKR,SAR,0.034159,29.275067
1 LKR = 0.011197 SGD,LKR,SGD,0.011197,89.308396
1 LKR = 0.060337 ZAR,LKR,ZAR,0.060337,16.573515
1 LKR = 1.000000 LKR,LKR,LKR,1.000000,1.000000
1 LKR = 0.055048 SEK,LKR,SEK,0.055048,18.166091
1 LKR = 0.007854 CHF,LKR,CHF,0.007854,127.324896
1 LKR = 0.273488 THB,LKR,THB,0.273488,3.656468
1 LKR = 0.058253 TTD,LKR,TTD,0.058253,17.166502
1 LKR = 0.033453 AED,LKR,AED,0.033453,29.892852
1 LKR = 0.039071 VEF,LKR,VEF,0.039071,25.594269
1 LKR = 0.738293 JPY,LKR,JPY,0.738293,1.354475
1 LKR = 0.011971 BGN,LKR,BGN,0.011971,83.534527
1 LKR = 0.021134 LTL,LKR,LTL,0.021134,47.317200
1 LKR = 0.004343 LVL,LKR,LVL,0.004343,230.270371
1 LKR = 0.025157 RON,LKR,RON,0.025157,39.751053
1 LKR = 0.045181 HRK,LKR,HRK,0.045181,22.133283
1 LKR = 0.014003 TRY,LKR,TRY,0.014003,71.415320
1 LKR = 0.014432 BRL,LKR,BRL,0.014432,69.289125
1 LKR = 0.070771 HKD,LKR,HKD,0.070771,14.130132
1 LKR = 0.105385 MXN,LKR,MXN,0.105385,9.489053
1 LKR = 0.390900 PHP,LKR,PHP,0.390900,2.558199
1 QAR = 0.184602 EUR,QAR,EUR,0.184602,5.417048
1 QAR = 0.166294 GBP,QAR,GBP,0.166294,6.013446
1 QAR = 0.274725 USD,QAR,USD,0.274725,3.640000
1 QAR = 19.585989 DZD,QAR,DZD,19.585989,0.051057
1 QAR = 0.253597 AUD,QAR,AUD,0.253597,3.943260
1 QAR = 1.750958 BWP,QAR,BWP,1.750958,0.571116
1 QAR = 0.337967 BND,QAR,BND,0.337967,2.958868
1 QAR = 0.262683 CAD,QAR,CAD,0.262683,3.806877
1 QAR = 127.217033 CLP,QAR,CLP,127.217033,0.007861
1 QAR = 1.785355 CNY,QAR,CNY,1.785355,0.560113
1 QAR = 485.453297 COP,QAR,COP,485.453297,0.002060
1 QAR = 4.468617 CZK,QAR,CZK,4.468617,0.223783
1 QAR = 1.376540 DKK,QAR,DKK,1.376540,0.726459
1 QAR = 48.991982 HUF,QAR,HUF,48.991982,0.020412
1 QAR = 30.601648 ISK,QAR,ISK,30.601648,0.032678
1 QAR = 12.238995 INR,QAR,INR,12.238995,0.081706
"1 QAR = 2,350.730976 IDR",QAR,IDR,"2,350.730976",0.000425
1 QAR = 0.932085 ILS,QAR,ILS,0.932085,1.072863
1 QAR = 40.052198 KZT,QAR,KZT,40.052198,0.024967
1 QAR = 294.245333 KRW,QAR,KRW,294.245333,0.003399
1 QAR = 0.075385 KWD,QAR,KWD,0.075385,13.265306
1 QAR = 0.530879 LYD,QAR,LYD,0.530879,1.883668
1 QAR = 0.818408 MYR,QAR,MYR,0.818408,1.221884
1 QAR = 7.480357 MUR,QAR,MUR,7.480357,0.133683
1 QAR = 19.543956 NPR,QAR,NPR,19.543956,0.051167
1 QAR = 0.344814 NZD,QAR,NZD,0.344814,2.900114
1 QAR = 1.452998 NOK,QAR,NOK,1.452998,0.688232
1 QAR = 0.105632 OMR,QAR,OMR,0.105632,9.466840
1 QAR = 23.161676 PKR,QAR,PKR,23.161676,0.043175
1 QAR = 0.727565 PLN,QAR,PLN,0.727565,1.374448
1 QAR = 1.000000 QAR,QAR,QAR,1.000000,1.000000
1 QAR = 7.506341 RUB,QAR,RUB,7.506341,0.133221
1 QAR = 1.030220 SAR,QAR,SAR,1.030220,0.970667
1 QAR = 0.337703 SGD,QAR,SGD,0.337703,2.961178
1 QAR = 1.819756 ZAR,QAR,ZAR,1.819756,0.549524
1 QAR = 30.159753 LKR,QAR,LKR,30.159753,0.033157
1 QAR = 1.660223 SEK,QAR,SEK,1.660223,0.602329
1 QAR = 0.236872 CHF,QAR,CHF,0.236872,4.221682
1 QAR = 8.248330 THB,QAR,THB,8.248330,0.121237
1 QAR = 1.756896 TTD,QAR,TTD,1.756896,0.569186
1 QAR = 1.008929 AED,QAR,AED,1.008929,0.991150
1 QAR = 1.178379 VEF,QAR,VEF,1.178379,0.848623
1 QAR = 22.266740 JPY,QAR,JPY,22.266740,0.044910
1 QAR = 0.361045 BGN,QAR,BGN,0.361045,2.769735
1 QAR = 0.637395 LTL,QAR,LTL,0.637395,1.568886
1 QAR = 0.130975 LVL,QAR,LVL,0.130975,7.635022
1 QAR = 0.758716 RON,QAR,RON,0.758716,1.318017
1 QAR = 1.362643 HRK,QAR,HRK,1.362643,0.733868
1 QAR = 0.422315 TRY,QAR,TRY,0.422315,2.367901
1 QAR = 0.435274 BRL,QAR,BRL,0.435274,2.297404
1 QAR = 2.134428 HKD,QAR,HKD,2.134428,0.468510
1 QAR = 3.178373 MXN,QAR,MXN,3.178373,0.314626
1 QAR = 11.789447 PHP,QAR,PHP,11.789447,0.084822
1 IDR = 0.000079 EUR,IDR,EUR,0.000079,"12,734.022591"
1 IDR = 0.000071 GBP,IDR,GBP,0.000071,"14,135.993396"
1 IDR = 0.000117 USD,IDR,USD,0.000117,"8,556.660753"
1 IDR = 0.008332 DZD,IDR,DZD,0.008332,120.021051
1 IDR = 0.000108 AUD,IDR,AUD,0.000108,"9,269.544116"
1 IDR = 0.000745 BWP,IDR,BWP,0.000745,"1,342.540072"
1 IDR = 0.000144 BND,IDR,BND,0.000144,"6,955.503783"
1 IDR = 0.000112 CAD,IDR,CAD,0.000112,"8,948.943838"
1 IDR = 0.054118 CLP,IDR,CLP,0.054118,18.478115
1 IDR = 0.000759 CNY,IDR,CNY,0.000759,"1,316.673893"
1 IDR = 0.206512 COP,IDR,COP,0.206512,4.842342
1 IDR = 0.001901 CZK,IDR,CZK,0.001901,526.053302
1 IDR = 0.000586 DKK,IDR,DKK,0.000586,"1,707.709887"
1 IDR = 0.020841 HUF,IDR,HUF,0.020841,47.981953
1 IDR = 0.013018 ISK,IDR,ISK,0.013018,76.817136
1 IDR = 0.005206 INR,IDR,INR,0.005206,192.068949
1 IDR = 1.000000 IDR,IDR,IDR,1.000000,1.000000
1 IDR = 0.000397 ILS,IDR,ILS,0.000397,"2,522.013318"
1 IDR = 0.017038 KZT,IDR,KZT,0.017038,58.691685
1 IDR = 0.125172 KRW,IDR,KRW,0.125172,7.989017
1 IDR = 0.000032 KWD,IDR,KWD,0.000032,"31,183.166011"
1 IDR = 0.000226 LYD,IDR,LYD,0.000226,"4,427.996664"
1 IDR = 0.000348 MYR,IDR,MYR,0.000348,"2,872.320360"
1 IDR = 0.003182 MUR,IDR,MUR,0.003182,314.253843
1 IDR = 0.008314 NPR,IDR,NPR,0.008314,120.279178
1 IDR = 0.000147 NZD,IDR,NZD,0.000147,"6,817.387494"
1 IDR = 0.000618 NOK,IDR,NOK,0.000618,"1,617.848582"
1 IDR = 0.000045 OMR,IDR,OMR,0.000045,"22,253.994157"
1 IDR = 0.009853 PKR,IDR,PKR,0.009853,101.492267
1 IDR = 0.000310 PLN,IDR,PLN,0.000310,"3,230.956986"
1 IDR = 0.000425 QAR,IDR,QAR,0.000425,"2,350.730976"
1 IDR = 0.003193 RUB,IDR,RUB,0.003193,313.166029
1 IDR = 0.000438 SAR,IDR,SAR,0.000438,"2,281.776201"
1 IDR = 0.000144 SGD,IDR,SGD,0.000144,"6,960.932811"
1 IDR = 0.000774 ZAR,IDR,ZAR,0.000774,"1,291.783648"
1 IDR = 0.012830 LKR,IDR,LKR,0.012830,77.942647
1 IDR = 0.000706 SEK,IDR,SEK,0.000706,"1,415.913210"
1 IDR = 0.000101 CHF,IDR,CHF,0.000101,"9,924.039486"
1 IDR = 0.003509 THB,IDR,THB,0.003509,284.994783
1 IDR = 0.000747 TTD,IDR,TTD,0.000747,"1,338.002651"
1 IDR = 0.000429 AED,IDR,AED,0.000429,"2,329.928047"
1 IDR = 0.000501 VEF,IDR,VEF,0.000501,"1,994.885122"
1 IDR = 0.009472 JPY,IDR,JPY,0.009472,105.571402
1 IDR = 0.000154 BGN,IDR,BGN,0.000154,"6,510.902205"
1 IDR = 0.000271 LTL,IDR,LTL,0.000271,"3,688.027842"
1 IDR = 0.000056 LVL,IDR,LVL,0.000056,"17,947.882358"
1 IDR = 0.000323 RON,IDR,RON,0.000323,"3,098.302320"
1 IDR = 0.000580 HRK,IDR,HRK,0.000580,"1,725.126673"
1 IDR = 0.000180 TRY,IDR,TRY,0.000180,"5,566.299136"
1 IDR = 0.000185 BRL,IDR,BRL,0.000185,"5,400.577859"
1 IDR = 0.000908 HKD,IDR,HKD,0.000908,"1,101.339918"
1 IDR = 0.001352 MXN,IDR,MXN,0.001352,739.601945
1 IDR = 0.005015 PHP,IDR,PHP,0.005015,199.392812
1 SGD = 0.546641 EUR,SGD,EUR,0.546641,1.829356
1 SGD = 0.492426 GBP,SGD,GBP,0.492426,2.030761
1 SGD = 0.813510 USD,SGD,USD,0.813510,1.229241
1 SGD = 57.997599 DZD,SGD,DZD,57.997599,0.017242
1 SGD = 0.750947 AUD,SGD,AUD,0.750947,1.331653
1 SGD = 5.184898 BWP,SGD,BWP,5.184898,0.192868
1 SGD = 1.000781 BND,SGD,BND,1.000781,0.999220
1 SGD = 0.777850 CAD,SGD,CAD,0.777850,1.285595
1 SGD = 376.712277 CLP,SGD,CLP,376.712277,0.002655
1 SGD = 5.286755 CNY,SGD,CNY,5.286755,0.189152
"1 SGD = 1,437.513614 COP",SGD,COP,"1,437.513614",0.000696
1 SGD = 13.232372 CZK,SGD,CZK,13.232372,0.075572
1 SGD = 4.076180 DKK,SGD,DKK,4.076180,0.245328
1 SGD = 145.073977 HUF,SGD,HUF,145.073977,0.006893
1 SGD = 90.616927 ISK,SGD,ISK,90.616927,0.011035
1 SGD = 36.241844 INR,SGD,INR,36.241844,0.027592
"1 SGD = 6,960.932811 IDR",SGD,IDR,"6,960.932811",0.000144
1 SGD = 2.760070 ILS,SGD,ILS,2.760070,0.362310
1 SGD = 118.601686 KZT,SGD,KZT,118.601686,0.008432
1 SGD = 871.312802 KRW,SGD,KRW,871.312802,0.001148
1 SGD = 0.223227 KWD,SGD,KWD,0.223227,4.479740
1 SGD = 1.572028 LYD,SGD,LYD,1.572028,0.636121
1 SGD = 2.423453 MYR,SGD,MYR,2.423453,0.412634
1 SGD = 22.150669 MUR,SGD,MUR,22.150669,0.045145
1 SGD = 57.873132 NPR,SGD,NPR,57.873132,0.017279
1 SGD = 1.021056 NZD,SGD,NZD,1.021056,0.979378
1 SGD = 4.302586 NOK,SGD,NOK,4.302586,0.232418
1 SGD = 0.312795 OMR,SGD,OMR,0.312795,3.196984
1 SGD = 68.585845 PKR,SGD,PKR,68.585845,0.014580
1 SGD = 2.154449 PLN,SGD,PLN,2.154449,0.464156
1 SGD = 2.961178 QAR,SGD,QAR,2.961178,0.337703
1 SGD = 22.227611 RUB,SGD,RUB,22.227611,0.044989
1 SGD = 3.050664 SAR,SGD,SAR,3.050664,0.327797
1 SGD = 1.000000 SGD,SGD,SGD,1.000000,1.000000
1 SGD = 5.388621 ZAR,SGD,ZAR,5.388621,0.185576
1 SGD = 89.308396 LKR,SGD,LKR,89.308396,0.011197
1 SGD = 4.916214 SEK,SGD,SEK,4.916214,0.203409
1 SGD = 0.701421 CHF,SGD,CHF,0.701421,1.425677
1 SGD = 24.424773 THB,SGD,THB,24.424773,0.040942
1 SGD = 5.202481 TTD,SGD,TTD,5.202481,0.192216
1 SGD = 2.987617 AED,SGD,AED,2.987617,0.334715
1 SGD = 3.489390 VEF,SGD,VEF,3.489390,0.286583
1 SGD = 65.935781 JPY,SGD,JPY,65.935781,0.015166
1 SGD = 1.069120 BGN,SGD,BGN,1.069120,0.935349
1 SGD = 1.887440 LTL,SGD,LTL,1.887440,0.529818
1 SGD = 0.387841 LVL,SGD,LVL,0.387841,2.578373
1 SGD = 2.246693 RON,SGD,RON,2.246693,0.445099
1 SGD = 4.035027 HRK,SGD,HRK,4.035027,0.247830
1 SGD = 1.250550 TRY,SGD,TRY,1.250550,0.799648
1 SGD = 1.288924 BRL,SGD,BRL,1.288924,0.775841
1 SGD = 6.320422 HKD,SGD,HKD,6.320422,0.158217
1 SGD = 9.411729 MXN,SGD,MXN,9.411729,0.106250
1 SGD = 34.910651 PHP,SGD,PHP,34.910651,0.028645
1 SAR = 0.179187 EUR,SAR,EUR,0.179187,5.580750
1 SAR = 0.161416 GBP,SAR,GBP,0.161416,6.195171
1 SAR = 0.266667 USD,SAR,USD,0.266667,3.750000
1 SAR = 19.011467 DZD,SAR,DZD,19.011467,0.052600
1 SAR = 0.246158 AUD,SAR,AUD,0.246158,4.062425
1 SAR = 1.699596 BWP,SAR,BWP,1.699596,0.588375
1 SAR = 0.328053 BND,SAR,BND,0.328053,3.048285
1 SAR = 0.254977 CAD,SAR,CAD,0.254977,3.921920
1 SAR = 123.485333 CLP,SAR,CLP,123.485333,0.008098
1 SAR = 1.732985 CNY,SAR,CNY,1.732985,0.577039
1 SAR = 471.213333 COP,SAR,COP,471.213333,0.002122
1 SAR = 4.337538 CZK,SAR,CZK,4.337538,0.230546
1 SAR = 1.336161 DKK,SAR,DKK,1.336161,0.748413
1 SAR = 47.554883 HUF,SAR,HUF,47.554883,0.021028
1 SAR = 29.704000 ISK,SAR,ISK,29.704000,0.033665
1 SAR = 11.879985 INR,SAR,INR,11.879985,0.084175
"1 SAR = 2,281.776201 IDR",SAR,IDR,"2,281.776201",0.000438
1 SAR = 0.904744 ILS,SAR,ILS,0.904744,1.105285
1 SAR = 38.877333 KZT,SAR,KZT,38.877333,0.025722
1 SAR = 285.614137 KRW,SAR,KRW,285.614137,0.003501
1 SAR = 0.073173 KWD,SAR,KWD,0.073173,13.666181
1 SAR = 0.515307 LYD,SAR,LYD,0.515307,1.940592
1 SAR = 0.794402 MYR,SAR,MYR,0.794402,1.258809
1 SAR = 7.260933 MUR,SAR,MUR,7.260933,0.137723
1 SAR = 18.970667 NPR,SAR,NPR,18.970667,0.052713
1 SAR = 0.334700 NZD,SAR,NZD,0.334700,2.987755
1 SAR = 1.410377 NOK,SAR,NOK,1.410377,0.709030
1 SAR = 0.102533 OMR,SAR,OMR,0.102533,9.752926
1 SAR = 22.482267 PKR,SAR,PKR,22.482267,0.044480
1 SAR = 0.706223 PLN,SAR,PLN,0.706223,1.415983
1 SAR = 0.970667 QAR,SAR,QAR,0.970667,1.030220
1 SAR = 7.286155 RUB,SAR,RUB,7.286155,0.137247
1 SAR = 1.000000 SAR,SAR,SAR,1.000000,1.000000
1 SAR = 0.327797 SGD,SAR,SGD,0.327797,3.050664
1 SAR = 1.766376 ZAR,SAR,ZAR,1.766376,0.566131
1 SAR = 29.275067 LKR,SAR,LKR,29.275067,0.034159
1 SAR = 1.611523 SEK,SAR,SEK,1.611523,0.620531
1 SAR = 0.229924 CHF,SAR,CHF,0.229924,4.349261
1 SAR = 8.006379 THB,SAR,THB,8.006379,0.124900
1 SAR = 1.705360 TTD,SAR,TTD,1.705360,0.586386
1 SAR = 0.979333 AED,SAR,AED,0.979333,1.021103
1 SAR = 1.143813 VEF,SAR,VEF,1.143813,0.874269
1 SAR = 21.613582 JPY,SAR,JPY,21.613582,0.046267
1 SAR = 0.350455 BGN,SAR,BGN,0.350455,2.853436
1 SAR = 0.618698 LTL,SAR,LTL,0.618698,1.616297
1 SAR = 0.127133 LVL,SAR,LVL,0.127133,7.865751
1 SAR = 0.736460 RON,SAR,RON,0.736460,1.357847
1 SAR = 1.322672 HRK,SAR,HRK,1.322672,0.756046
1 SAR = 0.409927 TRY,SAR,TRY,0.409927,2.439459
1 SAR = 0.422506 BRL,SAR,BRL,0.422506,2.366831
1 SAR = 2.071818 HKD,SAR,HKD,2.071818,0.482668
1 SAR = 3.085141 MXN,SAR,MXN,3.085141,0.324134
1 SAR = 11.443623 PHP,SAR,PHP,11.443623,0.087385
1 DKK = 0.134106 EUR,DKK,EUR,0.134106,7.456783
1 DKK = 0.120806 GBP,DKK,GBP,0.120806,8.277749
1 DKK = 0.199577 USD,DKK,USD,0.199577,5.010606
1 DKK = 14.228420 DZD,DKK,DZD,14.228420,0.070282
1 DKK = 0.184228 AUD,DKK,AUD,0.184228,5.428056
1 DKK = 1.271999 BWP,DKK,BWP,1.271999,0.786164
1 DKK = 0.245519 BND,DKK,BND,0.245519,4.073001
1 DKK = 0.190828 CAD,DKK,CAD,0.190828,5.240319
1 DKK = 92.417970 CLP,DKK,CLP,92.417970,0.010820
1 DKK = 1.296988 CNY,DKK,CNY,1.296988,0.771017
1 DKK = 352.661960 COP,DKK,COP,352.661960,0.002836
1 DKK = 3.246268 CZK,DKK,CZK,3.246268,0.308046
1 DKK = 1.000000 DKK,DKK,DKK,1.000000,1.000000
1 DKK = 35.590670 HUF,DKK,HUF,35.590670,0.028097
1 DKK = 22.230846 ISK,DKK,ISK,22.230846,0.044983
1 DKK = 8.891129 INR,DKK,INR,8.891129,0.112472
"1 DKK = 1,707.709887 IDR",DKK,IDR,"1,707.709887",0.000586
1 DKK = 0.677122 ILS,DKK,ILS,0.677122,1.476839
1 DKK = 29.096283 KZT,DKK,KZT,29.096283,0.034369
1 DKK = 213.757197 KRW,DKK,KRW,213.757197,0.004678
1 DKK = 0.054764 KWD,DKK,KWD,0.054764,18.260225
1 DKK = 0.385662 LYD,DKK,LYD,0.385662,2.592944
1 DKK = 0.594540 MYR,DKK,MYR,0.594540,1.681972
1 DKK = 5.434173 MUR,DKK,MUR,5.434173,0.184021
1 DKK = 14.197885 NPR,DKK,NPR,14.197885,0.070433
1 DKK = 0.250493 NZD,DKK,NZD,0.250493,3.992123
1 DKK = 1.055544 NOK,DKK,NOK,1.055544,0.947379
1 DKK = 0.076737 OMR,DKK,OMR,0.076737,13.031484
1 DKK = 16.826010 PKR,DKK,PKR,16.826010,0.059432
1 DKK = 0.528546 PLN,DKK,PLN,0.528546,1.891982
1 DKK = 0.726459 QAR,DKK,QAR,0.726459,1.376540
1 DKK = 5.453050 RUB,DKK,RUB,5.453050,0.183384
1 DKK = 0.748413 SAR,DKK,SAR,0.748413,1.336161
1 DKK = 0.245328 SGD,DKK,SGD,0.245328,4.076180
1 DKK = 1.321978 ZAR,DKK,ZAR,1.321978,0.756442
1 DKK = 21.909827 LKR,DKK,LKR,21.909827,0.045642
1 DKK = 1.206084 SEK,DKK,SEK,1.206084,0.829130
1 DKK = 0.172078 CHF,DKK,CHF,0.172078,5.811315
1 DKK = 5.992074 THB,DKK,THB,5.992074,0.166887
1 DKK = 1.276313 TTD,DKK,TTD,1.276313,0.783507
1 DKK = 0.732945 AED,DKK,AED,0.732945,1.364358
1 DKK = 0.856044 VEF,DKK,VEF,0.856044,1.168164
1 DKK = 16.175876 JPY,DKK,JPY,16.175876,0.061820
1 DKK = 0.262285 BGN,DKK,BGN,0.262285,3.812651
1 DKK = 0.463041 LTL,DKK,LTL,0.463041,2.159634
1 DKK = 0.095148 LVL,DKK,LVL,0.095148,10.509913
1 DKK = 0.551176 RON,DKK,RON,0.551176,1.814303
1 DKK = 0.989904 HRK,DKK,HRK,0.989904,1.010199
1 DKK = 0.306794 TRY,DKK,TRY,0.306794,3.259511
1 DKK = 0.316209 BRL,DKK,BRL,0.316209,3.162468
1 DKK = 1.550575 HKD,DKK,HKD,1.550575,0.644922
1 DKK = 2.308958 MXN,DKK,MXN,2.308958,0.433096
1 DKK = 8.564551 PHP,DKK,PHP,8.564551,0.116760
1 ZAR = 0.101443 EUR,ZAR,EUR,0.101443,9.857705
1 ZAR = 0.091383 GBP,ZAR,GBP,0.091383,10.943004
1 ZAR = 0.150968 USD,ZAR,USD,0.150968,6.623912
1 ZAR = 10.762976 DZD,ZAR,DZD,10.762976,0.092911
1 ZAR = 0.139358 AUD,ZAR,AUD,0.139358,7.175771
1 ZAR = 0.962194 BWP,ZAR,BWP,0.962194,1.039292
1 ZAR = 0.185721 BND,ZAR,BND,0.185721,5.384419
1 ZAR = 0.144350 CAD,ZAR,CAD,0.144350,6.927587
1 ZAR = 69.908843 CLP,ZAR,CLP,69.908843,0.014304
1 ZAR = 0.981096 CNY,ZAR,CNY,0.981096,1.019268
1 ZAR = 266.768353 COP,ZAR,COP,266.768353,0.003749
1 ZAR = 2.455614 CZK,ZAR,CZK,2.455614,0.407230
1 ZAR = 0.756442 DKK,ZAR,DKK,0.756442,1.321978
1 ZAR = 26.922281 HUF,ZAR,HUF,26.922281,0.037144
1 ZAR = 16.816347 ISK,ZAR,ISK,16.816347,0.059466
1 ZAR = 6.725625 INR,ZAR,INR,6.725625,0.148685
"1 ZAR = 1,291.783648 IDR",ZAR,IDR,"1,291.783648",0.000774
1 ZAR = 0.512203 ILS,ZAR,ILS,0.512203,1.952350
1 ZAR = 22.009653 KZT,ZAR,KZT,22.009653,0.045435
1 ZAR = 161.694942 KRW,ZAR,KRW,161.694942,0.006184
1 ZAR = 0.041426 KWD,ZAR,KWD,0.041426,24.139620
1 ZAR = 0.291731 LYD,ZAR,LYD,0.291731,3.427816
1 ZAR = 0.449735 MYR,ZAR,MYR,0.449735,2.223531
1 ZAR = 4.110638 MUR,ZAR,MUR,4.110638,0.243271
1 ZAR = 10.739878 NPR,ZAR,NPR,10.739878,0.093111
1 ZAR = 0.189484 NZD,ZAR,NZD,0.189484,5.277499
1 ZAR = 0.798458 NOK,ZAR,NOK,0.798458,1.252415
1 ZAR = 0.058047 OMR,ZAR,OMR,0.058047,17.227338
1 ZAR = 12.727902 PKR,ZAR,PKR,12.727902,0.078568
1 ZAR = 0.399815 PLN,ZAR,PLN,0.399815,2.501160
1 ZAR = 0.549524 QAR,ZAR,QAR,0.549524,1.819756
1 ZAR = 4.124916 RUB,ZAR,RUB,4.124916,0.242429
1 ZAR = 0.566131 SAR,ZAR,SAR,0.566131,1.766376
1 ZAR = 0.185576 SGD,ZAR,SGD,0.185576,5.388621
1 ZAR = 1.000000 ZAR,ZAR,ZAR,1.000000,1.000000
1 ZAR = 16.573515 LKR,ZAR,LKR,16.573515,0.060337
1 ZAR = 0.912333 SEK,ZAR,SEK,0.912333,1.096092
1 ZAR = 0.130167 CHF,ZAR,CHF,0.130167,7.682432
1 ZAR = 4.532657 THB,ZAR,THB,4.532657,0.220621
1 ZAR = 0.965457 TTD,ZAR,TTD,0.965457,1.035779
1 ZAR = 0.554431 AED,ZAR,AED,0.554431,1.803652
1 ZAR = 0.647548 VEF,ZAR,VEF,0.647548,1.544287
1 ZAR = 12.236113 JPY,ZAR,JPY,12.236113,0.081725
1 ZAR = 0.198403 BGN,ZAR,BGN,0.198403,5.040242
1 ZAR = 0.350264 LTL,ZAR,LTL,0.350264,2.854989
1 ZAR = 0.071974 LVL,ZAR,LVL,0.071974,13.893876
1 ZAR = 0.416933 RON,ZAR,RON,0.416933,2.398468
1 ZAR = 0.748805 HRK,ZAR,HRK,0.748805,1.335461
1 ZAR = 0.232072 TRY,ZAR,TRY,0.232072,4.309003
1 ZAR = 0.239194 BRL,ZAR,BRL,0.239194,4.180714
1 ZAR = 1.172920 HKD,ZAR,HKD,1.172920,0.852573
1 ZAR = 1.746593 MXN,ZAR,MXN,1.746593,0.572543
1 ZAR = 6.478587 PHP,ZAR,PHP,6.478587,0.154355
1 MUR = 0.024678 EUR,MUR,EUR,0.024678,40.521454
1 MUR = 0.022231 GBP,MUR,GBP,0.022231,44.982722
1 MUR = 0.036726 USD,MUR,USD,0.036726,27.228500
1 MUR = 2.618323 DZD,MUR,DZD,2.618323,0.381924
1 MUR = 0.033902 AUD,MUR,AUD,0.033902,29.496995
1 MUR = 0.234074 BWP,MUR,BWP,0.234074,4.272152
1 MUR = 0.045181 BND,MUR,BND,0.045181,22.133393
1 MUR = 0.035116 CAD,MUR,CAD,0.035116,28.476800
1 MUR = 17.006813 CLP,MUR,CLP,17.006813,0.058800
1 MUR = 0.238672 CNY,MUR,CNY,0.238672,4.189842
1 MUR = 64.897075 COP,MUR,COP,64.897075,0.015409
1 MUR = 0.597380 CZK,MUR,CZK,0.597380,1.673976
1 MUR = 0.184021 DKK,MUR,DKK,0.184021,5.434173
1 MUR = 6.549417 HUF,MUR,HUF,6.549417,0.152685
1 MUR = 4.090934 ISK,MUR,ISK,4.090934,0.244443
1 MUR = 1.636151 INR,MUR,INR,1.636151,0.611190
1 MUR = 314.253843 IDR,MUR,IDR,314.253843,0.003182
1 MUR = 0.124604 ILS,MUR,ILS,0.124604,8.025402
1 MUR = 5.354316 KZT,MUR,KZT,5.354316,0.186765
1 MUR = 39.335733 KRW,MUR,KRW,39.335733,0.025422
1 MUR = 0.010078 KWD,MUR,KWD,0.010078,99.229227
1 MUR = 0.070970 LYD,MUR,LYD,0.070970,14.090509
1 MUR = 0.109408 MYR,MUR,MYR,0.109408,9.140128
1 MUR = 1.000000 MUR,MUR,MUR,1.000000,1.000000
1 MUR = 2.612704 NPR,MUR,NPR,2.612704,0.382745
1 MUR = 0.046096 NZD,MUR,NZD,0.046096,21.693887
1 MUR = 0.194242 NOK,MUR,NOK,0.194242,5.148222
1 MUR = 0.014121 OMR,MUR,OMR,0.014121,70.815345
1 MUR = 3.096333 PKR,MUR,PKR,3.096333,0.322963
1 MUR = 0.097263 PLN,MUR,PLN,0.097263,10.281360
1 MUR = 0.133683 QAR,MUR,QAR,0.133683,7.480357
1 MUR = 1.003474 RUB,MUR,RUB,1.003474,0.996538
1 MUR = 0.137723 SAR,MUR,SAR,0.137723,7.260933
1 MUR = 0.045145 SGD,MUR,SGD,0.045145,22.150669
1 MUR = 0.243271 ZAR,MUR,ZAR,0.243271,4.110638
1 MUR = 4.031860 LKR,MUR,LKR,4.031860,0.248024
1 MUR = 0.221944 SEK,MUR,SEK,0.221944,4.505635
1 MUR = 0.031666 CHF,MUR,CHF,0.031666,31.579692
1 MUR = 1.102665 THB,MUR,THB,1.102665,0.906894
1 MUR = 0.234868 TTD,MUR,TTD,0.234868,4.257713
1 MUR = 0.134877 AED,MUR,AED,0.134877,7.414159
1 MUR = 0.157530 VEF,MUR,VEF,0.157530,6.348006
1 MUR = 2.976695 JPY,MUR,JPY,2.976695,0.335943
1 MUR = 0.048266 BGN,MUR,BGN,0.048266,20.718608
1 MUR = 0.085209 LTL,MUR,LTL,0.085209,11.735824
1 MUR = 0.017509 LVL,MUR,LVL,0.017509,57.112690
1 MUR = 0.101428 RON,MUR,RON,0.101428,9.859234
1 MUR = 0.182163 HRK,MUR,HRK,0.182163,5.489596
1 MUR = 0.056457 TRY,MUR,TRY,0.056457,17.712748
1 MUR = 0.058189 BRL,MUR,BRL,0.058189,17.185400
1 MUR = 0.285338 HKD,MUR,HKD,0.285338,3.504619
1 MUR = 0.424896 MXN,MUR,MXN,0.424896,2.353518
1 MUR = 1.576054 PHP,MUR,PHP,1.576054,0.634496
1 LYD = 0.347730 EUR,LYD,EUR,0.347730,2.875798
1 LYD = 0.313243 GBP,LYD,GBP,0.313243,3.192413
1 LYD = 0.517491 USD,LYD,USD,0.517491,1.932400
1 LYD = 36.893500 DZD,LYD,DZD,36.893500,0.027105
1 LYD = 0.477693 AUD,LYD,AUD,0.477693,2.093395
1 LYD = 3.298223 BWP,LYD,BWP,3.298223,0.303194
1 LYD = 0.636618 BND,LYD,BND,0.636618,1.570801
1 LYD = 0.494807 CAD,LYD,CAD,0.494807,2.020992
1 LYD = 239.634651 CLP,LYD,CLP,239.634651,0.004173
1 LYD = 3.363017 CNY,LYD,CNY,3.363017,0.297352
1 LYD = 914.432830 COP,LYD,COP,914.432830,0.001094
1 LYD = 8.417392 CZK,LYD,CZK,8.417392,0.118802
1 LYD = 2.592944 DKK,LYD,DKK,2.592944,0.385662
1 LYD = 92.284627 HUF,LYD,HUF,92.284627,0.010836
1 LYD = 57.643345 ISK,LYD,ISK,57.643345,0.017348
1 LYD = 23.054204 INR,LYD,INR,23.054204,0.043376
"1 LYD = 4,427.996664 IDR",LYD,IDR,"4,427.996664",0.000226
1 LYD = 1.755739 ILS,LYD,ILS,1.755739,0.569561
1 LYD = 75.445042 KZT,LYD,KZT,75.445042,0.013255
1 LYD = 554.260512 KRW,LYD,KRW,554.260512,0.001804
1 LYD = 0.142000 KWD,LYD,KWD,0.142000,7.042274
1 LYD = 1.000000 LYD,LYD,LYD,1.000000,1.000000
1 LYD = 1.541610 MYR,LYD,MYR,1.541610,0.648673
1 LYD = 14.090509 MUR,LYD,MUR,14.090509,0.070970
1 LYD = 36.814324 NPR,LYD,NPR,36.814324,0.027163
1 LYD = 0.649515 NZD,LYD,NZD,0.649515,1.539610
1 LYD = 2.736966 NOK,LYD,NOK,2.736966,0.365368
1 LYD = 0.198975 OMR,LYD,OMR,0.198975,5.025748
1 LYD = 43.628907 PKR,LYD,PKR,43.628907,0.022921
1 LYD = 1.370491 PLN,LYD,PLN,1.370491,0.729666
1 LYD = 1.883668 QAR,LYD,QAR,1.883668,0.530879
1 LYD = 14.139454 RUB,LYD,RUB,14.139454,0.070724
1 LYD = 1.940592 SAR,LYD,SAR,1.940592,0.515307
1 LYD = 0.636121 SGD,LYD,SGD,0.636121,1.572028
1 LYD = 3.427816 ZAR,LYD,ZAR,3.427816,0.291731
1 LYD = 56.810960 LKR,LYD,LKR,56.810960,0.017602
1 LYD = 3.127308 SEK,LYD,SEK,3.127308,0.319764
1 LYD = 0.446189 CHF,LYD,CHF,0.446189,2.241203
1 LYD = 15.537115 THB,LYD,THB,15.537115,0.064362
1 LYD = 3.309408 TTD,LYD,TTD,3.309408,0.302169
1 LYD = 1.900486 AED,LYD,AED,1.900486,0.526181
1 LYD = 2.219675 VEF,LYD,VEF,2.219675,0.450516
1 LYD = 41.943145 JPY,LYD,JPY,41.943145,0.023842
1 LYD = 0.680090 BGN,LYD,BGN,0.680090,1.470395
1 LYD = 1.200641 LTL,LYD,LTL,1.200641,0.832889
1 LYD = 0.246714 LVL,LYD,LVL,0.246714,4.053274
1 LYD = 1.429169 RON,LYD,RON,1.429169,0.699707
1 LYD = 2.566766 HRK,LYD,HRK,2.566766,0.389595
1 LYD = 0.795501 TRY,LYD,TRY,0.795501,1.257069
1 LYD = 0.819912 BRL,LYD,BRL,0.819912,1.219644
1 LYD = 4.020554 HKD,LYD,HKD,4.020554,0.248722
1 LYD = 5.987000 MXN,LYD,MXN,5.987000,0.167029
1 LYD = 22.207404 PHP,LYD,PHP,22.207404,0.045030
1 THB = 0.022381 EUR,THB,EUR,0.022381,44.681599
1 THB = 0.020161 GBP,THB,GBP,0.020161,49.600885
1 THB = 0.033307 USD,THB,USD,0.033307,30.023921
1 THB = 2.374540 DZD,THB,DZD,2.374540,0.421134
1 THB = 0.030745 AUD,THB,AUD,0.030745,32.525312
1 THB = 0.212280 BWP,THB,BWP,0.212280,4.710753
1 THB = 0.040974 BND,THB,BND,0.040974,24.405723
1 THB = 0.031847 CAD,THB,CAD,0.031847,31.400378
1 THB = 15.423369 CLP,THB,CLP,15.423369,0.064837
1 THB = 0.216451 CNY,THB,CNY,0.216451,4.619993
1 THB = 58.854738 COP,THB,COP,58.854738,0.016991
1 THB = 0.541760 CZK,THB,CZK,0.541760,1.845835
1 THB = 0.166887 DKK,THB,DKK,0.166887,5.992074
1 THB = 5.939624 HUF,THB,HUF,5.939624,0.168361
1 THB = 3.710042 ISK,THB,ISK,3.710042,0.269539
1 THB = 1.483815 INR,THB,INR,1.483815,0.673938
1 THB = 284.994783 IDR,THB,IDR,284.994783,0.003509
1 THB = 0.113003 ILS,THB,ILS,0.113003,8.849332
1 THB = 4.855795 KZT,THB,KZT,4.855795,0.205940
1 THB = 35.673323 KRW,THB,KRW,35.673323,0.028032
1 THB = 0.009139 KWD,THB,KWD,0.009139,109.416621
1 THB = 0.064362 LYD,THB,LYD,0.064362,15.537115
1 THB = 0.099221 MYR,THB,MYR,0.099221,10.078502
1 THB = 0.906894 MUR,THB,MUR,0.906894,1.102665
1 THB = 2.369444 NPR,THB,NPR,2.369444,0.422040
1 THB = 0.041804 NZD,THB,NZD,0.041804,23.921096
1 THB = 0.176157 NOK,THB,NOK,0.176157,5.676766
1 THB = 0.012806 OMR,THB,OMR,0.012806,78.085620
1 THB = 2.808044 PKR,THB,PKR,2.808044,0.356120
1 THB = 0.088208 PLN,THB,PLN,0.088208,11.336899
1 THB = 0.121237 QAR,THB,QAR,0.121237,8.248330
1 THB = 0.910044 RUB,THB,RUB,0.910044,1.098848
1 THB = 0.124900 SAR,THB,SAR,0.124900,8.006379
1 THB = 0.040942 SGD,THB,SGD,0.040942,24.424773
1 THB = 0.220621 ZAR,THB,ZAR,0.220621,4.532657
1 THB = 3.656468 LKR,THB,LKR,3.656468,0.273488
1 THB = 0.201280 SEK,THB,SEK,0.201280,4.968207
1 THB = 0.028718 CHF,THB,CHF,0.028718,34.821829
1 THB = 1.000000 THB,THB,THB,1.000000,1.000000
1 THB = 0.213000 TTD,THB,TTD,0.213000,4.694832
1 THB = 0.122319 AED,THB,AED,0.122319,8.175336
1 THB = 0.142863 VEF,THB,VEF,0.142863,6.999725
1 THB = 2.699545 JPY,THB,JPY,2.699545,0.370433
1 THB = 0.043772 BGN,THB,BGN,0.043772,22.845689
1 THB = 0.077276 LTL,THB,LTL,0.077276,12.940685
1 THB = 0.015879 LVL,THB,LVL,0.015879,62.976179
1 THB = 0.091984 RON,THB,RON,0.091984,10.871435
1 THB = 0.165202 HRK,THB,HRK,0.165202,6.053187
1 THB = 0.051200 TRY,THB,TRY,0.051200,19.531232
1 THB = 0.052771 BRL,THB,BRL,0.052771,18.949743
1 THB = 0.258771 HKD,THB,HKD,0.258771,3.864421
1 THB = 0.385335 MXN,THB,MXN,0.385335,2.595142
1 THB = 1.429313 PHP,THB,PHP,1.429313,0.699637
1 PKR = 0.007970 EUR,PKR,EUR,0.007970,125.467910
1 PKR = 0.007180 GBP,PKR,GBP,0.007180,139.281483
1 PKR = 0.011861 USD,PKR,USD,0.011861,84.308500
1 PKR = 0.845621 DZD,PKR,DZD,0.845621,1.182564
1 PKR = 0.010949 AUD,PKR,AUD,0.010949,91.332517
1 PKR = 0.075597 BWP,PKR,BWP,0.075597,13.228004
1 PKR = 0.014592 BND,PKR,BND,0.014592,68.532352
1 PKR = 0.011341 CAD,PKR,CAD,0.011341,88.173652
1 PKR = 5.492566 CLP,PKR,CLP,5.492566,0.182064
1 PKR = 0.077082 CNY,PKR,CNY,0.077082,12.973145
1 PKR = 20.959334 COP,PKR,COP,20.959334,0.047711
1 PKR = 0.192932 CZK,PKR,CZK,0.192932,5.183186
1 PKR = 0.059432 DKK,PKR,DKK,0.059432,16.826010
1 PKR = 2.115217 HUF,PKR,HUF,2.115217,0.472765
1 PKR = 1.321219 ISK,PKR,ISK,1.321219,0.756877
1 PKR = 0.528416 INR,PKR,INR,0.528416,1.892449
1 PKR = 101.492267 IDR,PKR,IDR,101.492267,0.009853
1 PKR = 0.040243 ILS,PKR,ILS,0.040243,24.849315
1 PKR = 1.729244 KZT,PKR,KZT,1.729244,0.578287
1 PKR = 12.703974 KRW,PKR,KRW,12.703974,0.078716
1 PKR = 0.003255 KWD,PKR,KWD,0.003255,307.246720
1 PKR = 0.022921 LYD,PKR,LYD,0.022921,43.628907
1 PKR = 0.035335 MYR,PKR,MYR,0.035335,28.300879
1 PKR = 0.322963 MUR,PKR,MUR,0.322963,3.096333
1 PKR = 0.843806 NPR,PKR,NPR,0.843806,1.185107
1 PKR = 0.014887 NZD,PKR,NZD,0.014887,67.171497
1 PKR = 0.062733 NOK,PKR,NOK,0.062733,15.940609
1 PKR = 0.004561 OMR,PKR,OMR,0.004561,219.267880
1 PKR = 1.000000 PKR,PKR,PKR,1.000000,1.000000
1 PKR = 0.031412 PLN,PKR,PLN,0.031412,31.834514
1 PKR = 0.043175 QAR,PKR,QAR,0.043175,23.161676
1 PKR = 0.324085 RUB,PKR,RUB,0.324085,3.085615
1 PKR = 0.044480 SAR,PKR,SAR,0.044480,22.482267
1 PKR = 0.014580 SGD,PKR,SGD,0.014580,68.585845
1 PKR = 0.078568 ZAR,PKR,ZAR,0.078568,12.727902
1 PKR = 1.302140 LKR,PKR,LKR,1.302140,0.767966
1 PKR = 0.071680 SEK,PKR,SEK,0.071680,13.950947
1 PKR = 0.010227 CHF,PKR,CHF,0.010227,97.781238
1 PKR = 0.356120 THB,PKR,THB,0.356120,2.808044
1 PKR = 0.075854 TTD,PKR,TTD,0.075854,13.183297
1 PKR = 0.043560 AED,PKR,AED,0.043560,22.956705
1 PKR = 0.050876 VEF,PKR,VEF,0.050876,19.655538
1 PKR = 0.961361 JPY,PKR,JPY,0.961361,1.040192
1 PKR = 0.015588 BGN,PKR,BGN,0.015588,64.151708
1 PKR = 0.027519 LTL,PKR,LTL,0.027519,36.338018
1 PKR = 0.005655 LVL,PKR,LVL,0.005655,176.839901
1 PKR = 0.032757 RON,PKR,RON,0.032757,30.527472
1 PKR = 0.058832 HRK,PKR,HRK,0.058832,16.997617
1 PKR = 0.018233 TRY,PKR,TRY,0.018233,54.844564
1 PKR = 0.018793 BRL,PKR,BRL,0.018793,53.211718
1 PKR = 0.092153 HKD,PKR,HKD,0.092153,10.851466
1 PKR = 0.137226 MXN,PKR,MXN,0.137226,7.287274
1 PKR = 0.509007 PHP,PKR,PHP,0.509007,1.964611
1 RUB = 0.024593 EUR,RUB,EUR,0.024593,40.662209
1 RUB = 0.022154 GBP,RUB,GBP,0.022154,45.138974
1 RUB = 0.036599 USD,RUB,USD,0.036599,27.323081
1 RUB = 2.609259 DZD,RUB,DZD,2.609259,0.383251
1 RUB = 0.033784 AUD,RUB,AUD,0.033784,29.599456
1 RUB = 0.233264 BWP,RUB,BWP,0.233264,4.286991
1 RUB = 0.045024 BND,RUB,BND,0.045024,22.210275
1 RUB = 0.034995 CAD,RUB,CAD,0.034995,28.575717
1 RUB = 16.947942 CLP,RUB,CLP,16.947942,0.059004
1 RUB = 0.237846 CNY,RUB,CNY,0.237846,4.204396
1 RUB = 64.672429 COP,RUB,COP,64.672429,0.015463
1 RUB = 0.595312 CZK,RUB,CZK,0.595312,1.679790
1 RUB = 0.183384 DKK,RUB,DKK,0.183384,5.453050
1 RUB = 6.526746 HUF,RUB,HUF,6.526746,0.153216
1 RUB = 4.076773 ISK,RUB,ISK,4.076773,0.245292
1 RUB = 1.630488 INR,RUB,INR,1.630488,0.613313
1 RUB = 313.166029 IDR,RUB,IDR,313.166029,0.003193
1 RUB = 0.124173 ILS,RUB,ILS,0.124173,8.053279
1 RUB = 5.335782 KZT,RUB,KZT,5.335782,0.187414
1 RUB = 39.199570 KRW,RUB,KRW,39.199570,0.025510
1 RUB = 0.010043 KWD,RUB,KWD,0.010043,99.573910
1 RUB = 0.070724 LYD,RUB,LYD,0.070724,14.139454
1 RUB = 0.109029 MYR,RUB,MYR,0.109029,9.171877
1 RUB = 0.996538 MUR,RUB,MUR,0.996538,1.003474
1 RUB = 2.603660 NPR,RUB,NPR,2.603660,0.384075
1 RUB = 0.045936 NZD,RUB,NZD,0.045936,21.769243
1 RUB = 0.193569 NOK,RUB,NOK,0.193569,5.166105
1 RUB = 0.014072 OMR,RUB,OMR,0.014072,71.061329
1 RUB = 3.085615 PKR,RUB,PKR,3.085615,0.324085
1 RUB = 0.096927 PLN,RUB,PLN,0.096927,10.317074
1 RUB = 0.133221 QAR,RUB,QAR,0.133221,7.506341
1 RUB = 1.000000 RUB,RUB,RUB,1.000000,1.000000
1 RUB = 0.137247 SAR,RUB,SAR,0.137247,7.286155
1 RUB = 0.044989 SGD,RUB,SGD,0.044989,22.227611
1 RUB = 0.242429 ZAR,RUB,ZAR,0.242429,4.124916
1 RUB = 4.017903 LKR,RUB,LKR,4.017903,0.248886
1 RUB = 0.221176 SEK,RUB,SEK,0.221176,4.521286
1 RUB = 0.031556 CHF,RUB,CHF,0.031556,31.689387
1 RUB = 1.098848 THB,RUB,THB,1.098848,0.910044
1 RUB = 0.234055 TTD,RUB,TTD,0.234055,4.272503
1 RUB = 0.134410 AED,RUB,AED,0.134410,7.439913
1 RUB = 0.156984 VEF,RUB,VEF,0.156984,6.370056
1 RUB = 2.966391 JPY,RUB,JPY,2.966391,0.337110
1 RUB = 0.048099 BGN,RUB,BGN,0.048099,20.790576
1 RUB = 0.084914 LTL,RUB,LTL,0.084914,11.776590
1 RUB = 0.017449 LVL,RUB,LVL,0.017449,57.311077
1 RUB = 0.101077 RON,RUB,RON,0.101077,9.893482
1 RUB = 0.181532 HRK,RUB,HRK,0.181532,5.508665
1 RUB = 0.056261 TRY,RUB,TRY,0.056261,17.774275
1 RUB = 0.057988 BRL,RUB,BRL,0.057988,17.245095
1 RUB = 0.284350 HKD,RUB,HKD,0.284350,3.516792
1 RUB = 0.423425 MXN,RUB,MXN,0.423425,2.361693
1 RUB = 1.570598 PHP,RUB,PHP,1.570598,0.636700
1 KRW = 0.000627 EUR,KRW,EUR,0.000627,"1,593.941100"
1 KRW = 0.000565 GBP,KRW,GBP,0.000565,"1,769.428373"
1 KRW = 0.000934 USD,KRW,USD,0.000934,"1,071.053013"
1 KRW = 0.066563 DZD,KRW,DZD,0.066563,15.023256
1 KRW = 0.000862 AUD,KRW,AUD,0.000862,"1,160.285938"
1 KRW = 0.005951 BWP,KRW,BWP,0.005951,168.048218
1 KRW = 0.001149 BND,KRW,BND,0.001149,870.633241
1 KRW = 0.000893 CAD,KRW,CAD,0.000893,"1,120.155810"
1 KRW = 0.432350 CLP,KRW,CLP,0.432350,2.312940
1 KRW = 0.006068 CNY,KRW,CNY,0.006068,164.810500
1 KRW = 1.649825 COP,KRW,COP,1.649825,0.606125
1 KRW = 0.015187 CZK,KRW,CZK,0.015187,65.847062
1 KRW = 0.004678 DKK,KRW,DKK,0.004678,213.757197
1 KRW = 0.166500 HUF,KRW,HUF,0.166500,6.005990
1 KRW = 0.104000 ISK,KRW,ISK,0.104000,9.615343
1 KRW = 0.041595 INR,KRW,INR,0.041595,24.041625
1 KRW = 7.989017 IDR,KRW,IDR,7.989017,0.125172
1 KRW = 0.003168 ILS,KRW,ILS,0.003168,315.685060
1 KRW = 0.136118 KZT,KRW,KZT,0.136118,7.346546
1 KRW = 1.000000 KRW,KRW,KRW,1.000000,1.000000
1 KRW = 0.000256 KWD,KRW,KWD,0.000256,"3,903.254419"
1 KRW = 0.001804 LYD,KRW,LYD,0.001804,554.260512
1 KRW = 0.002781 MYR,KRW,MYR,0.002781,359.533639
1 KRW = 0.025422 MUR,KRW,MUR,0.025422,39.335733
1 KRW = 0.066421 NPR,KRW,NPR,0.066421,15.055567
1 KRW = 0.001172 NZD,KRW,NZD,0.001172,853.344970
1 KRW = 0.004938 NOK,KRW,NOK,0.004938,202.509092
1 KRW = 0.000359 OMR,KRW,OMR,0.000359,"2,785.573505"
1 KRW = 0.078716 PKR,KRW,PKR,0.078716,12.703974
1 KRW = 0.002473 PLN,KRW,PLN,0.002473,404.424847
1 KRW = 0.003399 QAR,KRW,QAR,0.003399,294.245333
1 KRW = 0.025510 RUB,KRW,RUB,0.025510,39.199570
1 KRW = 0.003501 SAR,KRW,SAR,0.003501,285.614137
1 KRW = 0.001148 SGD,KRW,SGD,0.001148,871.312802
1 KRW = 0.006184 ZAR,KRW,ZAR,0.006184,161.694942
1 KRW = 0.102499 LKR,KRW,LKR,0.102499,9.756225
1 KRW = 0.005642 SEK,KRW,SEK,0.005642,177.232469
1 KRW = 0.000805 CHF,KRW,CHF,0.000805,"1,242.210331"
1 KRW = 0.028032 THB,KRW,THB,0.028032,35.673323
1 KRW = 0.005971 TTD,KRW,TTD,0.005971,167.480260
1 KRW = 0.003429 AED,KRW,AED,0.003429,291.641392
1 KRW = 0.004005 VEF,KRW,VEF,0.004005,249.703451
1 KRW = 0.075674 JPY,KRW,JPY,0.075674,13.214567
1 KRW = 0.001227 BGN,KRW,BGN,0.001227,814.981641
1 KRW = 0.002166 LTL,KRW,LTL,0.002166,461.637249
1 KRW = 0.000445 LVL,KRW,LVL,0.000445,"2,246.569547"
1 KRW = 0.002579 RON,KRW,RON,0.002579,387.820217
1 KRW = 0.004631 HRK,KRW,HRK,0.004631,215.937288
1 KRW = 0.001435 TRY,KRW,TRY,0.001435,696.743932
1 KRW = 0.001479 BRL,KRW,BRL,0.001479,676.000294
1 KRW = 0.007254 HKD,KRW,HKD,0.007254,137.856749
1 KRW = 0.010802 MXN,KRW,MXN,0.010802,92.577340
1 KRW = 0.040067 PHP,KRW,PHP,0.040067,24.958366
1 CHF = 0.779333 EUR,CHF,EUR,0.779333,1.283149
1 CHF = 0.702040 GBP,CHF,GBP,0.702040,1.424419
1 CHF = 1.159803 USD,CHF,USD,1.159803,0.862216
1 CHF = 82.685824 DZD,CHF,DZD,82.685824,0.012094
1 CHF = 1.070607 AUD,CHF,AUD,1.070607,0.934049
1 CHF = 7.391988 BWP,CHF,BWP,7.391988,0.135282
1 CHF = 1.426789 BND,CHF,BND,1.426789,0.700874
1 CHF = 1.108962 CAD,CHF,CAD,1.108962,0.901744
1 CHF = 537.069903 CLP,CHF,CLP,537.069903,0.001862
1 CHF = 7.537204 CNY,CHF,CNY,7.537204,0.132675
"1 CHF = 2,049.429617 COP",CHF,COP,"2,049.429617",0.000488
1 CHF = 18.865084 CZK,CHF,CZK,18.865084,0.053008
1 CHF = 5.811315 DKK,CHF,DKK,5.811315,0.172078
1 CHF = 206.828584 HUF,CHF,HUF,206.828584,0.004835
1 CHF = 129.190439 ISK,CHF,ISK,129.190439,0.007741
1 CHF = 51.669151 INR,CHF,INR,51.669151,0.019354
"1 CHF = 9,924.039486 IDR",CHF,IDR,"9,924.039486",0.000101
1 CHF = 3.934967 ILS,CHF,ILS,3.934967,0.254132
1 CHF = 169.087657 KZT,CHF,KZT,169.087657,0.005914
"1 CHF = 1,242.210331 KRW",CHF,KRW,"1,242.210331",0.000805
1 CHF = 0.318250 KWD,CHF,KWD,0.318250,3.142185
1 CHF = 2.241203 LYD,CHF,LYD,2.241203,0.446189
1 CHF = 3.455060 MYR,CHF,MYR,3.455060,0.289431
1 CHF = 31.579692 MUR,CHF,MUR,31.579692,0.031666
1 CHF = 82.508374 NPR,CHF,NPR,82.508374,0.012120
1 CHF = 1.455695 NZD,CHF,NZD,1.455695,0.686957
1 CHF = 6.134097 NOK,CHF,NOK,6.134097,0.163023
1 CHF = 0.445944 OMR,CHF,OMR,0.445944,2.242433
1 CHF = 97.781238 PKR,CHF,PKR,97.781238,0.010227
1 CHF = 3.071548 PLN,CHF,PLN,3.071548,0.325569
1 CHF = 4.221682 QAR,CHF,QAR,4.221682,0.236872
1 CHF = 31.689387 RUB,CHF,RUB,31.689387,0.031556
1 CHF = 4.349261 SAR,CHF,SAR,4.349261,0.229924
1 CHF = 1.425677 SGD,CHF,SGD,1.425677,0.701421
1 CHF = 7.682432 ZAR,CHF,ZAR,7.682432,0.130167
1 CHF = 127.324896 LKR,CHF,LKR,127.324896,0.007854
1 CHF = 7.008932 SEK,CHF,SEK,7.008932,0.142675
1 CHF = 1.000000 CHF,CHF,CHF,1.000000,1.000000
1 CHF = 34.821829 THB,CHF,THB,34.821829,0.028718
1 CHF = 7.417055 TTD,CHF,TTD,7.417055,0.134824
1 CHF = 4.259376 AED,CHF,AED,4.259376,0.234776
1 CHF = 4.974742 VEF,CHF,VEF,4.974742,0.201015
1 CHF = 94.003104 JPY,CHF,JPY,94.003104,0.010638
1 CHF = 1.524219 BGN,CHF,BGN,1.524219,0.656074
1 CHF = 2.690880 LTL,CHF,LTL,2.690880,0.371626
1 CHF = 0.552937 LVL,CHF,LVL,0.552937,1.808526
1 CHF = 3.203057 RON,CHF,RON,3.203057,0.312202
1 CHF = 5.752644 HRK,CHF,HRK,5.752644,0.173833
1 CHF = 1.782879 TRY,CHF,TRY,1.782879,0.560890
1 CHF = 1.837588 BRL,CHF,BRL,1.837588,0.544191
1 CHF = 9.010878 HKD,CHF,HKD,9.010878,0.110977
1 CHF = 13.418082 MXN,CHF,MXN,13.418082,0.074526
1 CHF = 49.771300 PHP,CHF,PHP,49.771300,0.020092
1 TTD = 0.105073 EUR,TTD,EUR,0.105073,9.517188
1 TTD = 0.094652 GBP,TTD,GBP,0.094652,10.564997
1 TTD = 0.156370 USD,TTD,USD,0.156370,6.395100
1 TTD = 11.148066 DZD,TTD,DZD,11.148066,0.089702
1 TTD = 0.144344 AUD,TTD,AUD,0.144344,6.927897
1 TTD = 0.996620 BWP,TTD,BWP,0.996620,1.003391
1 TTD = 0.192366 BND,TTD,BND,0.192366,5.198423
1 TTD = 0.149515 CAD,TTD,CAD,0.149515,6.688286
1 TTD = 72.410127 CLP,TTD,CLP,72.410127,0.013810
1 TTD = 1.016199 CNY,TTD,CNY,1.016199,0.984059
1 TTD = 276.313115 COP,TTD,COP,276.313115,0.003619
1 TTD = 2.543474 CZK,TTD,CZK,2.543474,0.393163
1 TTD = 0.783507 DKK,TTD,DKK,0.783507,1.276313
1 TTD = 27.885539 HUF,TTD,HUF,27.885539,0.035861
1 TTD = 17.418023 ISK,TTD,ISK,17.418023,0.057412
1 TTD = 6.966262 INR,TTD,INR,6.966262,0.143549
"1 TTD = 1,338.002651 IDR",TTD,IDR,"1,338.002651",0.000747
1 TTD = 0.530530 ILS,TTD,ILS,0.530530,1.884909
1 TTD = 22.797142 KZT,TTD,KZT,22.797142,0.043865
1 TTD = 167.480260 KRW,TTD,KRW,167.480260,0.005971
1 TTD = 0.042908 KWD,TTD,KWD,0.042908,23.305758
1 TTD = 0.302169 LYD,TTD,LYD,0.302169,3.309408
1 TTD = 0.465826 MYR,TTD,MYR,0.465826,2.146722
1 TTD = 4.257713 MUR,TTD,MUR,4.257713,0.234868
1 TTD = 11.124142 NPR,TTD,NPR,11.124142,0.089895
1 TTD = 0.196263 NZD,TTD,NZD,0.196263,5.095197
1 TTD = 0.827026 NOK,TTD,NOK,0.827026,1.209152
1 TTD = 0.060124 OMR,TTD,OMR,0.060124,16.632250
1 TTD = 13.183297 PKR,TTD,PKR,13.183297,0.075854
1 TTD = 0.414120 PLN,TTD,PLN,0.414120,2.414761
1 TTD = 0.569186 QAR,TTD,QAR,0.569186,1.756896
1 TTD = 4.272503 RUB,TTD,RUB,4.272503,0.234055
1 TTD = 0.586386 SAR,TTD,SAR,0.586386,1.705360
1 TTD = 0.192216 SGD,TTD,SGD,0.192216,5.202481
1 TTD = 1.035779 ZAR,TTD,ZAR,1.035779,0.965457
1 TTD = 17.166502 LKR,TTD,LKR,17.166502,0.058253
1 TTD = 0.944975 SEK,TTD,SEK,0.944975,1.058229
1 TTD = 0.134824 CHF,TTD,CHF,0.134824,7.417055
1 TTD = 4.694832 THB,TTD,THB,4.694832,0.213000
1 TTD = 1.000000 TTD,TTD,TTD,1.000000,1.000000
1 TTD = 0.574268 AED,TTD,AED,0.574268,1.741348
1 TTD = 0.670717 VEF,TTD,VEF,0.670717,1.490943
1 TTD = 12.673912 JPY,TTD,JPY,12.673912,0.078902
1 TTD = 0.205502 BGN,TTD,BGN,0.205502,4.866136
1 TTD = 0.362796 LTL,TTD,LTL,0.362796,2.756368
1 TTD = 0.074549 LVL,TTD,LVL,0.074549,13.413936
1 TTD = 0.431850 RON,TTD,RON,0.431850,2.315617
1 TTD = 0.775597 HRK,TTD,HRK,0.775597,1.289330
1 TTD = 0.240376 TRY,TTD,TRY,0.240376,4.160156
1 TTD = 0.247752 BRL,TTD,BRL,0.247752,4.036298
1 TTD = 1.214886 HKD,TTD,HKD,1.214886,0.823122
1 TTD = 1.809085 MXN,TTD,MXN,1.809085,0.552766
1 TTD = 6.710386 PHP,TTD,PHP,6.710386,0.149023
1 OMR = 1.747601 EUR,OMR,EUR,1.747601,0.572213
1 OMR = 1.574279 GBP,OMR,GBP,1.574279,0.635212
1 OMR = 2.600780 USD,OMR,USD,2.600780,0.384500
1 OMR = 185.417425 DZD,OMR,DZD,185.417425,0.005393
1 OMR = 2.400765 AUD,OMR,AUD,2.400765,0.416534
1 OMR = 16.576037 BWP,OMR,BWP,16.576037,0.060328
1 OMR = 3.199480 BND,OMR,BND,3.199480,0.312551
1 OMR = 2.486773 CAD,OMR,CAD,2.486773,0.402128
"1 OMR = 1,204.343303 CLP",OMR,CLP,"1,204.343303",0.000830
1 OMR = 16.901675 CNY,OMR,CNY,16.901675,0.059166
"1 OMR = 4,595.708713 COP",OMR,COP,"4,595.708713",0.000218
1 OMR = 42.303687 CZK,OMR,CZK,42.303687,0.023639
1 OMR = 13.031484 DKK,OMR,DKK,13.031484,0.076737
1 OMR = 463.799254 HUF,OMR,HUF,463.799254,0.002156
1 OMR = 289.700910 ISK,OMR,ISK,289.700910,0.003452
1 OMR = 115.864611 INR,OMR,INR,115.864611,0.008631
"1 OMR = 22,253.994157 IDR",OMR,IDR,"22,253.994157",0.000045
1 OMR = 8.823900 ILS,OMR,ILS,8.823900,0.113329
1 OMR = 379.167750 KZT,OMR,KZT,379.167750,0.002637
"1 OMR = 2,785.573505 KRW",OMR,KRW,"2,785.573505",0.000359
1 OMR = 0.713654 KWD,OMR,KWD,0.713654,1.401239
1 OMR = 5.025748 LYD,OMR,LYD,5.025748,0.198975
1 OMR = 7.747741 MYR,OMR,MYR,7.747741,0.129070
1 OMR = 70.815345 MUR,OMR,MUR,70.815345,0.014121
1 OMR = 185.019506 NPR,OMR,NPR,185.019506,0.005405
1 OMR = 3.264299 NZD,OMR,NZD,3.264299,0.306344
1 OMR = 13.755301 NOK,OMR,NOK,13.755301,0.072699
1 OMR = 1.000000 OMR,OMR,OMR,1.000000,1.000000
1 OMR = 219.267880 PKR,OMR,PKR,219.267880,0.004561
1 OMR = 6.887741 PLN,OMR,PLN,6.887741,0.145185
1 OMR = 9.466840 QAR,OMR,QAR,9.466840,0.105632
1 OMR = 71.061329 RUB,OMR,RUB,71.061329,0.014072
1 OMR = 9.752926 SAR,OMR,SAR,9.752926,0.102533
1 OMR = 3.196984 SGD,OMR,SGD,3.196984,0.312795
1 OMR = 17.227338 ZAR,OMR,ZAR,17.227338,0.058047
1 OMR = 285.517555 LKR,OMR,LKR,285.517555,0.003502
1 OMR = 15.717061 SEK,OMR,SEK,15.717061,0.063625
1 OMR = 2.242433 CHF,OMR,CHF,2.242433,0.445944
1 OMR = 78.085620 THB,OMR,THB,78.085620,0.012806
1 OMR = 16.632250 TTD,OMR,TTD,16.632250,0.060124
1 OMR = 9.551365 AED,OMR,AED,9.551365,0.104697
1 OMR = 11.155527 VEF,OMR,VEF,11.155527,0.089642
1 OMR = 210.795667 JPY,OMR,JPY,210.795667,0.004744
1 OMR = 3.417959 BGN,OMR,BGN,3.417959,0.292572
1 OMR = 6.034118 LTL,OMR,LTL,6.034118,0.165724
1 OMR = 1.239923 LVL,OMR,LVL,1.239923,0.806502
1 OMR = 7.182641 RON,OMR,RON,7.182641,0.139225
1 OMR = 12.899919 HRK,OMR,HRK,12.899919,0.077520
1 OMR = 3.997987 TRY,OMR,TRY,3.997987,0.250126
1 OMR = 4.120669 BRL,OMR,BRL,4.120669,0.242679
1 OMR = 20.206290 HKD,OMR,HKD,20.206290,0.049490
1 OMR = 30.089150 MXN,OMR,MXN,30.089150,0.033235
1 OMR = 111.608809 PHP,OMR,PHP,111.608809,0.008960
1 MYR = 0.225563 EUR,MYR,EUR,0.225563,4.433357
1 MYR = 0.203192 GBP,MYR,GBP,0.203192,4.921454
1 MYR = 0.335682 USD,MYR,USD,0.335682,2.979006
1 MYR = 23.931805 DZD,MYR,DZD,23.931805,0.041785
1 MYR = 0.309866 AUD,MYR,AUD,0.309866,3.227197
1 MYR = 2.139467 BWP,MYR,BWP,2.139467,0.467406
1 MYR = 0.412956 BND,MYR,BND,0.412956,2.421563
1 MYR = 0.320968 CAD,MYR,CAD,0.320968,3.115580
1 MYR = 155.444446 CLP,MYR,CLP,155.444446,0.006433
1 MYR = 2.181497 CNY,MYR,CNY,2.181497,0.458401
1 MYR = 593.167573 COP,MYR,COP,593.167573,0.001686
1 MYR = 5.460132 CZK,MYR,CZK,5.460132,0.183146
1 MYR = 1.681972 DKK,MYR,DKK,1.681972,0.594540
1 MYR = 59.862514 HUF,MYR,HUF,59.862514,0.016705
1 MYR = 37.391662 ISK,MYR,ISK,37.391662,0.026744
1 MYR = 14.954632 INR,MYR,INR,14.954632,0.066869
"1 MYR = 2,872.320360 IDR",MYR,IDR,"2,872.320360",0.000348
1 MYR = 1.138900 ILS,MYR,ILS,1.138900,0.878040
1 MYR = 48.939136 KZT,MYR,KZT,48.939136,0.020434
1 MYR = 359.533639 KRW,MYR,KRW,359.533639,0.002781
1 MYR = 0.092111 KWD,MYR,KWD,0.092111,10.856437
1 MYR = 0.648673 LYD,MYR,LYD,0.648673,1.541610
1 MYR = 1.000000 MYR,MYR,MYR,1.000000,1.000000
1 MYR = 9.140128 MUR,MYR,MUR,9.140128,0.109408
1 MYR = 23.880445 NPR,MYR,NPR,23.880445,0.041875
1 MYR = 0.421323 NZD,MYR,NZD,0.421323,2.373477
1 MYR = 1.775395 NOK,MYR,NOK,1.775395,0.563255
1 MYR = 0.129070 OMR,MYR,OMR,0.129070,7.747741
1 MYR = 28.300879 PKR,MYR,PKR,28.300879,0.035335
1 MYR = 0.889000 PLN,MYR,PLN,0.889000,1.124860
1 MYR = 1.221884 QAR,MYR,QAR,1.221884,0.818408
1 MYR = 9.171877 RUB,MYR,RUB,9.171877,0.109029
1 MYR = 1.258809 SAR,MYR,SAR,1.258809,0.794402
1 MYR = 0.412634 SGD,MYR,SGD,0.412634,2.423453
1 MYR = 2.223531 ZAR,MYR,ZAR,2.223531,0.449735
1 MYR = 36.851717 LKR,MYR,LKR,36.851717,0.027136
1 MYR = 2.028599 SEK,MYR,SEK,2.028599,0.492951
1 MYR = 0.289431 CHF,MYR,CHF,0.289431,3.455060
1 MYR = 10.078502 THB,MYR,THB,10.078502,0.099221
1 MYR = 2.146722 TTD,MYR,TTD,2.146722,0.465826
1 MYR = 1.232794 AED,MYR,AED,1.232794,0.811166
1 MYR = 1.439842 VEF,MYR,VEF,1.439842,0.694520
1 MYR = 27.207372 JPY,MYR,JPY,27.207372,0.036755
1 MYR = 0.441156 BGN,MYR,BGN,0.441156,2.266774
1 MYR = 0.778823 LTL,MYR,LTL,0.778823,1.283989
1 MYR = 0.160037 LVL,MYR,LVL,0.160037,6.248566
1 MYR = 0.927063 RON,MYR,RON,0.927063,1.078676
1 MYR = 1.664991 HRK,MYR,HRK,1.664991,0.600604
1 MYR = 0.516020 TRY,MYR,TRY,0.516020,1.937910
1 MYR = 0.531854 BRL,MYR,BRL,0.531854,1.880214
1 MYR = 2.608023 HKD,MYR,HKD,2.608023,0.383432
1 MYR = 3.883603 MXN,MYR,MXN,3.883603,0.257493
1 MYR = 14.405336 PHP,MYR,PHP,14.405336,0.069419
